id_estudiante,genero,edad,region,jornada,seccion,promedio_prev_1_7,trabajo_parcial,tiempo_traslado_min,horas_estudio_semana,horas_sueño,pantalla_horas_dia,asistencia_pct,inasistencias,tutorias_pct,conectividad,dispositivo,beca,socioeconomico,eventos_plataforma_semana,cortes_internet_dias_mes,retraso_examen_min,cafe_tazas_dia,midterm,final,proyecto,lab,nota_final_1_7,aprobo,satisfaccion_1_10,fecha_inscripcion
1001,M,27.0,Biobío,Diurna,A,5.08,False,,4.13,7.5,6.54,55.6,8,,Fibra,Notebook,False,Bajo,23.0,2,1.9,2,57.0,,52.1,47.4,3.85,False,1.0,2025-03-13
1002,F,22.0,Valparaíso,Diurna,A,5.83,False,52.0,7.89,7.97,7.25,72.6,5,62.8,DSL,Notebook,False,Alto,23.0,1,2.7,4,69.4,62.3,80.1,70.7,5.08,True,6.0,2025-03-17
1003,F,20.0,Valparaíso,Diurna,A,4.17,False,27.0,6.17,7.11,5.3,69.1,7,,Fibra,Desktop,False,Medio,29.0,0,0.1,2,58.2,50.2,57.5,64.8,4.24,True,5.0,2025-03-17
1004,F,28.0,Valparaíso,Diurna,B,3.68,False,17.0,9.73,8.29,5.38,65.7,6,40.7,DSL,Notebook,True,Bajo,24.0,1,1.0,2,62.7,61.8,68.7,65.3,4.81,True,5.0,2025-03-04
1005,M,18.0,Maule,Diurna,B,4.45,False,35.0,,8.35,4.98,94.8,0,87.0,Móvil,Notebook,False,Medio,48.0,5,0.1,1,100.0,,100.0,100.0,7.0,True,6.0,2025-03-14
1006,M,18.0,O'Higgins,Diurna,C,6.05,True,,1.77,8.95,6.14,59.1,9,33.2,Fibra,Notebook,False,Medio,,0,1.6,0,57.2,70.7,71.0,66.3,5.0,True,5.0,2025-03-19
1007,M,23.0,RM,Diurna,C,4.02,False,21.0,2.33,8.32,4.34,69.6,8,,Móvil,Notebook,False,Bajo,27.0,2,6.8,2,47.4,51.1,52.0,55.1,4.01,True,5.0,2025-03-07
1008,F,20.0,RM,Diurna,B,5.48,False,37.0,36.47,8.09,6.09,96.4,2,76.4,DSL,Notebook,True,Medio,48.0,2,12.2,3,,100.0,100.0,100.0,7.0,True,9.0,2025-03-27
1009,F,19.0,Los Lagos,Diurna,A,5.51,False,21.0,8.44,7.88,4.96,85.7,4,,Fibra,Notebook,True,Alto,32.0,1,3.0,2,81.1,89.1,83.0,73.5,6.13,True,8.0,2025-03-03
1010,F,24.0,RM,Diurna,B,4.17,True,32.0,3.19,8.09,5.66,,6,17.4,Fibra,Notebook,False,Medio,,2,57.5,0,58.5,41.0,63.4,52.2,4.04,True,7.0,2025-03-01
1011,M,23.0,RM,Diurna,B,4.84,False,10.0,35.81,8.38,4.9,91.3,2,76.3,Fibra,Desktop,True,Bajo,37.0,0,7.1,0,100.0,100.0,100.0,100.0,7.0,True,7.0,2025-03-12
1012,NB,20.0,Biobío,Vespertina,A,5.48,False,31.0,7.53,7.04,5.72,70.0,6,62.8,DSL,Notebook,False,Medio,19.0,3,2.2,0,72.5,71.8,68.0,72.2,5.27,True,7.0,2025-03-15
1013,F,18.0,Biobío,Diurna,B,4.27,True,,2.61,9.03,4.61,56.0,10,18.6,DSL,Notebook,False,Medio,13.0,3,0.5,1,,51.1,62.3,51.5,4.38,True,5.0,2025-03-11
1014,M,25.0,O'Higgins,Diurna,B,4.38,True,10.0,3.88,8.54,5.03,65.9,5,21.8,Fibra,Notebook,True,Bajo,20.0,1,7.6,0,67.7,68.0,61.9,54.5,5.0,True,7.0,2025-03-10
1015,M,24.0,Los Lagos,Vespertina,B,4.15,False,26.0,2.87,,6.95,72.4,6,38.7,Fibra,Smartphone,True,Bajo,19.0,0,4.2,1,52.5,63.8,64.7,75.1,4.64,True,5.0,2025-03-02
1016,M,22.0,Araucanía,Vespertina,B,,True,19.0,6.89,7.19,6.52,56.2,9,25.7,Móvil,Notebook,False,Alto,,2,3.9,0,50.9,45.4,50.6,59.2,3.89,False,6.0,2025-03-26
1017,M,28.0,RM,Diurna,A,4.11,False,35.0,8.07,8.14,5.87,68.9,6,26.9,Móvil,Desktop,True,Bajo,31.0,0,3.7,0,63.0,61.4,52.0,64.1,4.6,True,6.0,2025-03-29
1018,F,19.0,Biobío,Diurna,C,3.77,False,37.0,1.51,8.16,4.62,58.1,8,29.6,Fibra,Notebook,False,Medio,22.0,0,0.7,1,35.6,50.7,46.7,44.3,3.72,False,4.0,2025-03-04
1019,M,18.0,Biobío,Vespertina,C,4.52,False,,5.35,8.67,3.49,72.0,6,38.4,Móvil,Notebook,True,Medio,12.0,4,0.7,1,62.7,63.8,63.4,61.3,4.8,True,7.0,2025-03-17
1020,M,20.0,RM,Vespertina,A,4.04,False,63.0,7.18,7.88,6.24,72.9,5,48.4,Fibra,Notebook,False,Medio,25.0,1,3.5,3,,66.4,63.0,57.7,4.92,True,6.0,2025-03-17
1021,F,22.0,Valparaíso,Diurna,C,4.64,True,33.0,5.65,8.56,6.28,60.4,7,20.7,Fibra,Notebook,False,Bajo,23.0,1,33.7,1,62.7,61.7,56.8,59.0,4.66,True,6.0,2025-03-28
1022,M,23.0,Maule,Diurna,B,3.57,False,19.0,3.89,,6.51,50.1,9,41.7,Móvil,Tablet,False,Medio,19.0,4,1.7,0,43.7,66.4,57.0,32.9,4.46,True,4.0,2025-03-30
1023,M,21.0,Araucanía,Diurna,C,4.7,False,9.0,2.89,8.06,4.41,72.8,6,36.5,Fibra,Smartphone,False,Medio,27.0,2,25.1,0,60.9,45.6,61.6,48.0,4.2,True,6.0,2025-03-08
1024,M,23.0,RM,Diurna,C,5.0,True,39.0,7.33,8.26,17.52,58.8,8,23.5,Fibra,Notebook,False,Medio,,0,4.6,1,55.9,64.1,69.5,58.9,4.76,True,6.0,2025-03-23
1025,M,18.0,O'Higgins,Diurna,B,3.3,True,45.0,38.87,6.83,3.95,79.8,4,49.2,Fibra,Notebook,False,Medio,39.0,1,1.8,2,100.0,93.9,100.0,100.0,6.82,True,7.0,2025-03-14
1026,F,,Maule,Diurna,A,4.72,False,23.0,2.77,8.47,4.32,71.8,5,56.8,Móvil,Smartphone,False,Medio,21.0,2,4.7,0,59.5,68.3,66.8,58.6,4.92,True,8.0,2025-03-24
1027,M,22.0,Valparaíso,Diurna,A,,True,36.0,7.65,8.67,6.35,,6,34.8,Móvil,Notebook,False,Alto,26.0,3,5.5,1,,52.3,71.3,76.9,4.58,True,6.0,2025-03-29
1028,F,25.0,Valparaíso,Vespertina,B,3.77,False,83.0,0.56,7.03,,53.0,11,38.5,Fibra,Notebook,False,Medio,19.0,0,3.2,0,36.6,45.3,48.9,29.4,3.6,False,4.0,2025-03-04
1029,F,23.0,RM,Diurna,B,5.5,True,57.0,4.62,6.66,6.52,59.2,7,17.3,Fibra,Notebook,False,Medio,29.0,1,0.8,0,60.8,57.1,60.0,56.1,4.53,True,5.0,2025-03-06
1030,M,23.0,RM,Diurna,A,4.75,True,5.0,4.97,7.7,4.71,44.6,12,,Fibra,Notebook,False,Alto,30.0,2,1.0,2,54.1,52.8,74.3,68.8,4.45,True,6.0,2025-03-31
1031,F,24.0,RM,Vespertina,A,4.08,True,19.0,7.92,7.82,4.84,67.4,7,38.7,DSL,Notebook,True,Medio,21.0,2,1.1,0,70.1,51.7,67.2,65.1,4.62,True,7.0,2025-03-29
1032,M,23.0,Maule,Vespertina,C,4.47,False,30.0,4.85,6.95,4.46,64.1,6,35.9,Fibra,Notebook,True,Bajo,23.0,1,0.4,4,52.3,53.2,50.4,62.0,4.14,True,3.0,2025-03-19
1033,M,24.0,Biobío,Diurna,C,4.83,False,34.0,5.06,7.75,5.1,78.1,6,37.8,DSL,Notebook,True,Bajo,20.0,4,1.0,0,79.1,77.7,71.3,79.2,5.61,True,7.0,2025-03-27
1034,F,26.0,Biobío,Diurna,B,4.55,False,36.0,2.59,7.14,2.05,66.7,7,43.5,Fibra,Notebook,False,Medio,23.0,0,0.7,1,70.3,58.9,55.3,52.3,4.7,True,4.0,2025-03-29
1035,NB,23.0,Biobío,Diurna,A,4.82,False,43.0,4.12,7.52,5.3,62.0,7,46.5,Fibra,Notebook,True,Medio,32.0,0,1.8,4,49.2,65.5,67.5,56.5,4.66,True,7.0,2025-03-24
1036,F,24.0,Biobío,Diurna,A,3.95,False,30.0,3.32,8.65,3.19,69.6,4,35.3,Fibra,Notebook,False,Medio,22.0,0,7.2,2,54.1,72.1,76.1,51.6,5.05,True,6.0,2025-03-04
1037,M,22.0,Los Lagos,Diurna,A,4.6,True,33.0,3.29,6.67,7.04,68.1,7,27.5,Fibra,Desktop,False,Medio,25.0,0,0.3,1,48.4,58.9,53.0,40.6,4.27,True,5.0,2025-03-03
1038,M,26.0,Araucanía,Diurna,C,3.65,False,58.0,4.17,8.44,6.2,57.0,9,38.3,Móvil,Notebook,False,Bajo,17.0,2,3.8,3,43.2,42.6,53.8,44.0,3.7,False,5.0,2025-03-20
1039,F,20.0,RM,Diurna,A,4.43,False,39.0,0.3,7.91,5.84,69.6,5,15.3,Fibra,Notebook,True,Medio,23.0,0,3.5,0,68.1,56.8,41.1,56.3,4.42,True,6.0,2025-03-06
1040,M,27.0,Biobío,Diurna,B,3.96,True,13.0,1.69,9.09,5.96,53.6,8,17.9,Fibra,Smartphone,False,Bajo,22.0,0,0.3,1,47.1,46.4,58.5,53.7,3.94,False,4.0,2025-03-27
1041,M,22.0,RM,Diurna,A,4.06,False,35.0,4.72,6.95,4.74,64.4,8,19.4,Fibra,Tablet,False,Medio,23.0,0,7.7,1,55.2,48.9,49.8,56.2,4.06,True,5.0,2025-03-23
1042,F,18.0,RM,Diurna,B,5.24,True,30.0,5.64,8.22,7.0,69.4,4,40.1,Fibra,Notebook,False,Medio,19.0,0,2.5,1,69.8,51.7,64.9,62.3,4.59,True,5.0,2025-03-07
1043,M,22.0,Biobío,Diurna,B,5.15,False,6.0,5.94,7.5,5.78,78.1,5,37.1,Fibra,Notebook,True,Medio,19.0,2,1.4,0,61.1,81.4,66.3,65.6,5.34,True,5.0,2025-03-14
1044,F,20.0,RM,Diurna,C,4.87,False,36.0,5.49,8.39,,72.2,5,25.9,Fibra,Desktop,False,Medio,23.0,1,4.2,1,55.5,61.3,74.0,72.0,4.72,True,5.0,2025-03-31
1045,M,25.0,RM,Diurna,A,3.84,False,15.0,4.36,8.78,5.38,61.6,8,26.2,Fibra,Desktop,False,Medio,21.0,2,0.9,1,45.4,60.1,69.3,52.8,4.45,True,6.0,2025-03-12
1046,F,20.0,Valparaíso,Vespertina,A,4.31,False,59.0,4.63,7.82,4.38,69.7,6,38.7,DSL,Smartphone,False,Medio,22.0,2,3.5,2,47.0,46.7,60.2,57.1,3.97,False,5.0,2025-03-16
1047,M,,Valparaíso,Diurna,A,5.23,True,43.0,5.99,7.11,4.38,63.5,8,32.3,Fibra,Tablet,False,Bajo,19.0,0,0.1,2,40.3,72.3,64.1,67.1,4.66,True,4.0,2025-03-20
1048,F,,Biobío,Diurna,C,4.59,False,13.0,6.66,7.91,3.92,65.7,6,29.6,Fibra,Notebook,False,Bajo,23.0,2,5.5,0,70.6,60.1,83.4,76.0,5.08,True,8.0,2025-03-08
1049,F,21.0,RM,Vespertina,C,5.89,False,57.0,4.6,8.55,4.22,66.3,7,29.6,Móvil,Notebook,False,Medio,32.0,4,1.8,2,89.4,71.5,69.9,77.7,5.59,True,7.0,2025-03-23
1050,M,18.0,Valparaíso,Diurna,B,4.74,False,74.0,6.54,6.37,5.07,77.8,5,42.8,Fibra,Notebook,True,Alto,24.0,2,3.0,4,61.9,71.4,48.3,51.5,4.84,True,,2025-03-02
1051,NB,18.0,RM,Diurna,B,4.62,False,27.0,5.87,8.46,5.99,62.6,8,34.7,Fibra,Notebook,False,Medio,33.0,1,0.8,1,49.1,71.8,70.5,53.6,4.88,True,7.0,2025-03-13
1052,F,24.0,Los Lagos,Diurna,B,4.31,True,30.0,7.12,6.22,,71.0,6,27.6,Fibra,Notebook,False,Medio,30.0,1,3.4,1,51.7,59.3,53.7,61.6,4.35,True,4.0,2025-03-08
1053,F,,Araucanía,Diurna,A,4.58,False,54.0,7.85,8.41,5.39,58.5,7,41.1,Fibra,Notebook,False,Bajo,23.0,2,,1,57.8,46.3,74.9,61.5,4.33,True,,2025-03-25
1054,F,23.0,Biobío,Vespertina,C,4.41,True,71.0,1.02,,4.7,56.9,8,27.8,DSL,Notebook,False,Medio,26.0,2,1.9,1,41.2,82.3,52.3,47.1,4.84,True,5.0,2025-03-21
1055,F,19.0,Biobío,Diurna,B,,True,8.0,3.86,8.72,2.72,66.7,6,38.5,Fibra,Desktop,False,Medio,20.0,0,2.9,2,71.0,82.7,73.1,70.4,5.64,True,6.0,2025-03-31
1056,F,22.0,Araucanía,Diurna,B,5.07,False,14.0,7.81,8.06,5.56,84.3,3,47.1,DSL,Notebook,False,Bajo,25.0,2,1.8,0,77.1,79.1,86.1,71.2,5.79,True,8.0,2025-03-20
1057,M,22.0,Biobío,Diurna,B,4.03,True,24.0,1.21,7.34,3.34,51.8,11,18.2,Fibra,Notebook,False,Bajo,28.0,0,,5,35.9,40.8,,46.7,3.37,False,6.0,2025-03-16
1058,M,19.0,Valparaíso,Diurna,A,3.7,False,26.0,,8.53,4.7,58.2,8,37.5,Fibra,Notebook,True,Alto,26.0,0,,0,62.8,57.2,56.8,61.8,4.53,True,,2025-03-04
1059,M,27.0,O'Higgins,Diurna,A,3.4,False,53.0,3.37,7.77,,56.3,8,26.8,DSL,Notebook,False,Bajo,23.0,2,5.5,1,57.7,40.6,48.4,41.4,3.84,False,6.0,2025-03-29
1060,M,25.0,Valparaíso,Diurna,C,4.8,False,71.0,5.97,6.9,7.8,76.1,5,25.4,Fibra,Desktop,False,Bajo,,1,4.8,0,78.5,76.0,78.6,72.3,5.64,True,6.0,2025-03-16
1061,M,21.0,RM,Diurna,A,3.84,True,,3.16,6.15,7.23,45.8,12,33.5,DSL,Notebook,True,Bajo,20.0,3,1.6,2,66.7,,40.7,35.4,4.06,True,2.0,2025-03-20
1062,M,22.0,Araucanía,Vespertina,B,3.21,True,8.0,1.42,6.06,5.95,40.0,11,25.8,Fibra,Smartphone,False,Alto,13.0,2,0.8,4,27.3,29.6,35.7,40.0,2.81,False,5.0,2025-03-06
1063,F,23.0,RM,Diurna,A,4.73,False,18.0,7.94,8.38,6.04,71.3,8,63.6,DSL,Notebook,True,Medio,25.0,0,,0,93.1,65.0,,77.7,5.54,True,,2025-03-27
1064,M,18.0,Valparaíso,Diurna,B,6.0,True,,11.68,7.17,4.06,81.6,4,68.6,Fibra,Notebook,False,Medio,23.0,0,5.2,0,83.0,99.4,86.6,76.5,6.51,True,10.0,2025-03-04
1065,M,21.0,O'Higgins,Diurna,A,4.5,False,18.0,4.61,8.22,5.34,60.0,9,26.5,Móvil,Notebook,False,Alto,21.0,5,0.8,1,53.3,76.6,64.8,56.2,5.04,True,6.0,2025-03-16
1066,F,,RM,Diurna,B,5.0,False,43.0,4.9,7.47,5.57,,7,38.3,Fibra,Notebook,True,Bajo,23.0,1,2.2,4,,80.2,55.5,70.9,5.26,True,5.0,2025-03-23
1067,M,19.0,O'Higgins,Diurna,C,4.55,False,46.0,,8.53,,53.6,10,58.2,Móvil,Tablet,False,Medio,11.0,2,4.9,0,45.0,59.8,73.0,58.4,4.48,True,4.0,2025-03-23
1068,F,21.0,Coquimbo,Diurna,A,4.44,True,33.0,7.4,7.8,6.27,61.5,8,30.9,Fibra,Notebook,False,Bajo,31.0,0,1.3,1,65.4,61.3,56.1,60.7,4.69,True,4.0,2025-03-21
1069,M,27.0,Biobío,Diurna,B,5.05,True,31.0,7.04,7.35,6.19,70.8,7,37.0,DSL,Tablet,True,Bajo,20.0,1,3.1,0,53.7,35.2,68.0,60.4,3.84,False,5.0,2025-03-13
1070,NB,24.0,Biobío,Diurna,B,4.33,False,25.0,1.89,8.47,,55.0,9,18.8,Fibra,Notebook,False,Medio,24.0,1,0.8,1,48.9,56.0,55.8,57.7,4.23,True,7.0,2025-03-05
1071,F,20.0,Biobío,Diurna,B,4.66,False,27.0,1.46,8.14,3.37,65.7,8,37.0,Móvil,Tablet,False,Medio,19.0,2,0.3,1,66.5,56.9,75.2,63.2,4.81,True,6.0,2025-03-15
1072,M,24.0,Biobío,Vespertina,C,4.69,False,82.0,0.62,7.83,4.39,67.0,8,54.0,Fibra,Notebook,False,Medio,16.0,1,4.7,0,51.9,55.9,46.9,44.3,4.17,True,6.0,2025-03-26
1073,M,26.0,Biobío,Diurna,C,4.1,False,50.0,5.97,8.08,5.04,66.3,6,50.4,Fibra,Tablet,True,Medio,38.0,0,0.3,1,57.7,59.0,77.3,48.0,4.74,True,7.0,2025-03-08
1074,F,25.0,Araucanía,Diurna,A,5.1,False,26.0,7.45,7.18,5.01,66.5,7,39.2,Fibra,Notebook,True,Medio,25.0,1,0.9,1,73.8,58.3,80.6,71.1,5.04,True,6.0,2025-03-07
1075,F,22.0,Biobío,Diurna,A,4.4,True,30.0,2.87,7.93,4.37,69.6,6,21.7,Fibra,Notebook,False,Bajo,21.0,0,5.8,2,63.3,60.4,61.1,57.2,4.69,True,8.0,2025-03-14
1076,F,20.0,RM,Vespertina,A,4.05,False,43.0,5.78,7.81,7.95,67.9,7,25.7,Fibra,Notebook,False,Bajo,28.0,1,1.3,2,39.1,62.3,51.1,51.9,4.18,True,7.0,2025-03-07
1077,F,24.0,Los Lagos,Diurna,B,4.82,False,13.0,6.32,8.0,5.88,57.5,9,33.8,Móvil,Smartphone,True,Bajo,24.0,1,10.8,1,71.7,75.3,76.0,71.2,5.46,True,7.0,2025-03-22
1078,M,23.0,Biobío,Diurna,A,,False,36.0,4.11,7.98,5.45,68.2,6,15.4,Móvil,Notebook,False,Bajo,17.0,4,11.7,1,52.8,66.7,54.4,50.2,4.6,True,5.0,2025-03-07
1079,M,25.0,Los Lagos,Vespertina,B,4.52,True,49.0,6.37,8.01,5.01,56.5,10,29.7,Fibra,Notebook,False,Medio,26.0,0,0.9,0,61.5,68.1,75.2,45.2,5.05,True,7.0,2025-03-23
1080,M,24.0,RM,Vespertina,B,4.49,True,45.0,2.09,7.69,5.01,58.7,7,40.4,Móvil,Tablet,True,Bajo,24.0,4,0.1,0,,50.3,49.7,49.5,4.22,True,5.0,2025-03-26
1081,F,,Biobío,Vespertina,A,5.15,False,18.0,8.46,8.27,3.93,80.5,2,50.4,Fibra,Notebook,True,Bajo,23.0,0,3.7,1,62.3,74.4,77.2,73.5,5.28,True,5.0,2025-03-30
1082,F,20.0,Araucanía,Diurna,C,4.78,True,21.0,3.75,9.31,4.52,58.7,6,42.7,Fibra,Notebook,True,Medio,20.0,0,1.8,0,51.2,63.2,60.8,58.3,4.55,True,7.0,2025-03-18
1083,M,26.0,Valparaíso,Diurna,A,4.48,False,5.0,9.45,9.23,4.58,60.7,9,54.8,DSL,Notebook,False,Alto,22.0,1,0.3,1,,70.8,64.8,59.6,4.81,True,8.0,2025-03-30
1084,M,23.0,Coquimbo,Diurna,A,4.99,False,52.0,3.34,7.09,3.91,75.7,4,34.3,DSL,Notebook,False,Bajo,24.0,1,3.7,1,58.0,74.9,73.9,50.2,5.18,True,7.0,2025-03-10
1085,M,28.0,Maule,Vespertina,C,5.33,False,103.0,3.9,7.48,6.23,,6,34.9,Móvil,Tablet,False,Bajo,21.0,0,0.1,0,,68.4,69.3,56.4,5.18,True,4.0,2025-03-18
1086,M,20.0,Los Lagos,Diurna,B,4.83,False,16.0,6.06,8.94,4.62,69.5,6,34.9,Fibra,Desktop,False,Medio,18.0,1,6.1,1,63.5,87.4,79.3,70.9,5.71,True,5.0,2025-03-14
1087,F,27.0,RM,Diurna,C,4.51,False,63.0,4.85,8.06,3.23,68.8,5,,DSL,Notebook,False,Medio,,2,,1,46.7,82.8,49.5,67.5,4.92,True,6.0,2025-03-10
1088,F,23.0,Biobío,Diurna,B,3.71,True,98.0,3.79,7.7,5.09,46.9,11,23.0,Fibra,Smartphone,True,Medio,18.0,0,0.4,1,37.2,44.3,55.1,49.9,3.66,False,3.0,2025-03-07
1089,F,20.0,Maule,Vespertina,A,3.86,True,23.0,1.86,9.38,4.3,56.9,8,0.0,Fibra,Notebook,False,Medio,15.0,0,0.6,2,34.4,,72.8,42.0,2.83,False,4.0,2025-03-30
1090,M,21.0,Los Lagos,Diurna,C,4.32,True,30.0,4.58,8.52,6.92,58.9,8,33.1,Fibra,Notebook,True,Alto,14.0,0,9.7,1,44.8,69.3,56.3,46.9,4.56,True,7.0,2025-03-26
1091,M,21.0,O'Higgins,Diurna,C,4.13,False,38.0,5.22,7.39,6.32,61.4,8,37.6,Móvil,Notebook,False,Medio,25.0,3,3.5,1,55.1,48.2,71.7,55.0,4.3,True,6.0,2025-03-07
1092,F,23.0,RM,Diurna,C,4.39,False,44.0,3.97,8.0,4.26,65.9,8,,Móvil,Notebook,False,Medio,25.0,0,4.8,3,42.4,46.9,55.8,57.4,3.84,False,6.0,2025-03-07
1093,F,24.0,RM,Diurna,A,4.53,True,40.0,,8.16,5.37,52.3,9,40.1,DSL,Notebook,False,Medio,19.0,4,1.5,1,68.1,56.1,52.1,60.9,4.53,True,4.0,2025-03-05
1094,F,20.0,Maule,Diurna,B,4.82,False,25.0,3.06,7.66,16.23,65.0,8,40.4,Fibra,Smartphone,False,Bajo,15.0,2,1.2,2,56.3,54.5,59.5,42.9,4.36,True,5.0,2025-03-01
1095,F,22.0,RM,Diurna,B,4.46,False,48.0,4.35,7.17,6.72,65.9,8,54.1,Fibra,Desktop,False,Alto,21.0,0,0.8,4,55.6,63.0,68.2,48.8,4.71,True,6.0,2025-03-14
1096,F,28.0,O'Higgins,Diurna,A,4.79,False,25.0,4.23,9.43,3.92,80.4,2,45.8,Fibra,Notebook,True,Medio,24.0,0,2.0,1,63.0,52.0,63.8,65.3,4.46,True,7.0,2025-03-18
1097,F,27.0,Los Lagos,Diurna,C,4.54,True,42.0,3.94,6.72,5.74,51.2,10,20.2,Fibra,Notebook,True,Bajo,21.0,0,2.4,1,58.3,42.5,51.5,54.7,3.94,False,6.0,2025-03-13
1098,M,23.0,RM,Diurna,A,3.31,False,32.0,7.31,8.4,6.8,65.6,7,32.1,Fibra,Desktop,False,Medio,20.0,1,3.0,1,56.6,55.0,59.3,55.0,4.38,True,6.0,2025-03-25
1099,M,22.0,Maule,Diurna,C,3.94,False,7.0,8.34,8.87,3.07,72.8,6,16.8,DSL,Smartphone,False,Bajo,22.0,1,0.9,0,67.4,72.6,69.4,65.4,5.22,True,9.0,2025-03-08
1100,M,,Maule,Diurna,B,4.41,True,69.0,6.49,6.64,4.17,44.9,10,21.0,Fibra,Tablet,True,Medio,21.0,2,8.9,1,59.8,63.1,64.4,57.0,4.74,True,6.0,2025-03-08
1101,M,24.0,Biobío,Diurna,A,3.77,False,21.0,4.07,7.88,4.73,65.6,9,29.5,Fibra,Notebook,False,Medio,20.0,1,0.6,0,48.2,44.3,57.0,50.7,3.88,False,,2025-03-10
1102,F,19.0,Coquimbo,Diurna,B,4.86,False,73.0,6.64,5.87,7.0,71.2,4,48.4,Fibra,Desktop,False,Medio,25.0,2,10.1,1,67.0,54.4,71.0,67.0,4.69,True,5.0,2025-03-17
1103,M,21.0,RM,Diurna,C,5.42,False,62.0,5.72,7.79,4.05,72.3,5,,Fibra,Notebook,False,Medio,20.0,2,0.0,1,62.5,,67.1,67.8,4.81,True,6.0,2025-03-06
1104,F,18.0,Los Lagos,Diurna,C,5.23,False,38.0,5.92,,2.35,69.2,7,31.8,Fibra,Notebook,True,Bajo,23.0,0,2.0,2,65.6,70.0,72.5,66.1,5.15,True,7.0,2025-03-15
1105,F,23.0,RM,Diurna,C,4.37,True,45.0,4.24,7.0,5.22,60.8,7,8.2,Móvil,Notebook,False,Medio,22.0,4,1.2,1,50.5,69.9,50.6,,4.61,True,7.0,2025-03-15
1106,M,24.0,Coquimbo,Vespertina,B,5.39,False,49.0,9.25,8.24,5.35,73.4,4,43.3,DSL,Notebook,False,Medio,24.0,1,1.8,1,71.3,56.9,90.7,76.0,5.08,True,7.0,2025-03-25
1107,M,21.0,RM,Diurna,C,4.59,False,28.0,8.24,8.91,6.38,57.6,9,62.7,Móvil,Notebook,True,Medio,18.0,2,,0,54.6,60.6,60.8,64.2,4.53,True,5.0,2025-03-16
1108,F,27.0,Biobío,Vespertina,C,4.3,True,29.0,6.15,6.96,5.31,62.6,8,31.7,Fibra,Notebook,False,Medio,23.0,1,1.7,1,59.2,43.7,,56.9,4.21,True,7.0,2025-03-31
1109,M,18.0,Coquimbo,Diurna,A,4.13,True,47.0,3.82,6.87,5.12,54.2,9,34.6,Fibra,Notebook,False,Medio,24.0,1,,2,62.1,35.7,53.4,52.9,3.83,False,2.0,2025-03-08
1110,M,18.0,Biobío,Diurna,B,4.32,True,32.0,4.69,8.74,6.23,54.9,10,18.3,Fibra,Desktop,False,Medio,34.0,1,4.0,1,64.3,65.4,,63.1,4.84,True,4.0,2025-03-19
1111,M,23.0,RM,Vespertina,A,4.27,False,25.0,6.37,9.85,2.33,84.0,3,23.3,Móvil,Notebook,True,Bajo,28.0,1,3.5,0,54.8,,67.1,67.9,5.0,True,8.0,2025-03-20
1112,M,25.0,O'Higgins,Diurna,C,4.6,False,18.0,4.68,7.83,4.76,76.4,5,26.8,DSL,Notebook,False,Alto,21.0,3,5.4,2,72.6,67.5,57.9,56.5,5.03,True,6.0,2025-03-15
1113,F,27.0,O'Higgins,Diurna,C,4.6,True,42.0,6.51,8.09,5.67,53.6,9,,Fibra,Notebook,True,Medio,24.0,0,0.9,4,53.7,67.8,47.6,62.8,4.57,True,6.0,2025-03-03
1114,F,21.0,Valparaíso,Diurna,A,4.5,True,21.0,3.14,8.77,5.42,63.0,7,,Fibra,Smartphone,False,Medio,13.0,1,2.8,2,60.6,52.4,51.8,45.6,4.28,True,5.0,2025-03-06
1115,F,25.0,Valparaíso,Diurna,C,4.76,False,56.0,5.87,6.7,5.39,75.8,5,31.4,Fibra,Notebook,False,Bajo,29.0,0,2.6,1,52.3,58.1,62.9,52.9,4.44,True,6.0,2025-03-30
1116,F,22.0,RM,Vespertina,C,,False,58.0,0.83,7.37,5.38,53.2,9,32.2,DSL,Notebook,True,Bajo,23.0,0,1.4,3,56.1,78.6,61.5,57.1,5.11,True,5.0,2025-03-25
1117,F,21.0,RM,Vespertina,A,5.07,False,45.0,4.45,8.39,2.81,67.7,6,28.4,Móvil,Notebook,False,Medio,27.0,1,2.0,0,,60.5,74.0,64.6,4.85,True,6.0,2025-03-31
1118,M,25.0,RM,Vespertina,B,3.61,True,51.0,7.82,9.03,4.24,57.8,10,5.6,DSL,Desktop,False,Alto,17.0,1,1.1,0,40.8,63.5,,45.4,4.31,True,6.0,2025-03-08
1119,F,24.0,Araucanía,Diurna,C,2.97,False,45.0,5.95,8.13,5.63,48.9,10,33.6,Fibra,Smartphone,False,Medio,33.0,0,0.5,0,49.3,45.8,41.7,41.1,3.76,False,6.0,2025-03-31
1120,F,18.0,Maule,Vespertina,A,5.06,False,54.0,8.44,7.08,4.44,72.0,5,46.7,Fibra,Notebook,False,Alto,22.0,0,0.7,3,80.8,52.2,62.1,64.4,4.76,True,,2025-03-16
1121,F,26.0,Los Lagos,Vespertina,C,3.68,False,52.0,2.97,8.97,5.2,66.1,7,39.2,Fibra,Notebook,False,Medio,30.0,2,0.3,0,46.0,29.1,56.4,44.1,3.38,False,5.0,2025-03-15
1122,F,26.0,Maule,Diurna,A,4.37,True,41.0,4.68,7.35,5.78,69.7,6,16.5,Fibra,Tablet,False,Medio,15.0,0,3.4,0,69.4,53.4,73.2,63.8,4.73,True,6.0,2025-03-13
1123,M,20.0,Biobío,Diurna,C,3.8,True,62.0,6.16,,,53.7,8,33.6,Fibra,Notebook,False,Bajo,28.0,0,3.2,0,48.2,62.5,65.0,54.9,4.52,True,3.0,2025-03-26
1124,M,23.0,RM,Vespertina,C,3.42,False,29.0,5.82,7.85,5.51,79.1,4,48.6,DSL,Notebook,True,Medio,19.0,1,,1,60.1,62.4,63.2,52.4,4.71,True,5.0,2025-03-20
1125,M,23.0,Biobío,Diurna,C,4.82,True,19.0,6.3,9.07,3.81,50.6,10,34.9,DSL,Notebook,False,Bajo,13.0,3,3.9,0,40.9,72.0,71.0,57.1,4.75,True,5.0,2025-03-15
1126,M,23.0,Valparaíso,Vespertina,B,4.96,True,,8.67,9.0,4.22,70.1,6,29.8,Fibra,Notebook,True,Alto,24.0,2,0.2,0,93.6,63.9,90.4,62.3,5.69,True,8.0,2025-03-18
1127,F,20.0,RM,Diurna,C,4.15,False,26.0,3.12,7.61,6.25,53.5,10,35.9,Móvil,Notebook,False,Alto,25.0,2,6.5,0,61.0,65.7,55.2,57.5,4.73,True,4.0,2025-03-13
1128,F,20.0,Coquimbo,Vespertina,C,2.95,False,6.0,4.27,7.98,5.43,60.9,8,22.0,Fibra,Notebook,False,Alto,24.0,0,6.0,2,40.5,35.4,53.2,47.2,3.43,False,6.0,2025-03-24
1129,M,22.0,RM,Diurna,A,4.17,False,37.0,1.49,8.29,4.1,,10,24.4,Fibra,Notebook,False,Medio,21.0,1,1.8,2,33.7,,53.9,46.5,3.92,False,5.0,2025-03-08
1130,F,26.0,Biobío,Diurna,C,4.74,True,49.0,2.42,7.66,5.89,62.0,8,33.9,Fibra,Smartphone,False,Medio,18.0,1,2.6,2,55.2,54.5,46.7,57.6,4.19,True,5.0,2025-03-14
1131,M,24.0,Biobío,Diurna,A,3.61,False,58.0,6.28,6.0,,59.1,10,33.6,Fibra,Notebook,False,Medio,16.0,1,11.2,2,38.7,51.9,51.2,51.2,3.87,False,5.0,2025-03-28
1132,M,21.0,Maule,Vespertina,B,4.61,True,8.0,3.49,7.64,,57.0,8,39.7,Fibra,Desktop,True,Bajo,22.0,1,2.3,0,,,60.4,53.5,4.92,True,,2025-03-11
1133,M,24.0,Valparaíso,Diurna,A,4.49,True,18.0,6.5,7.9,6.38,58.2,8,26.1,Fibra,Notebook,True,Medio,26.0,0,7.1,1,62.4,53.6,64.1,61.7,4.5,True,5.0,2025-03-06
1134,M,18.0,Biobío,Diurna,A,4.85,False,54.0,8.52,6.91,,81.9,4,41.7,Fibra,Notebook,True,Bajo,22.0,1,0.3,0,60.7,57.7,89.6,64.0,4.9,True,4.0,2025-03-30
1135,F,25.0,Biobío,Diurna,A,4.57,True,28.0,4.54,8.28,5.34,64.5,8,23.0,Móvil,Notebook,False,Medio,21.0,5,0.6,1,69.3,61.4,64.8,56.8,4.87,True,6.0,2025-03-24
1136,M,18.0,Araucanía,Vespertina,C,3.92,False,49.0,5.59,7.78,6.27,49.9,9,,Fibra,Smartphone,True,Bajo,13.0,2,,0,59.4,50.1,66.6,53.0,4.37,True,5.0,2025-03-25
1137,F,,Biobío,Diurna,A,,False,12.0,7.82,9.62,2.94,77.7,4,54.6,Fibra,Desktop,False,Bajo,20.0,0,2.6,2,82.9,100.0,75.6,70.6,6.4,True,7.0,2025-03-29
1138,F,19.0,Los Lagos,Vespertina,C,4.4,True,73.0,1.42,8.65,4.52,52.2,9,45.8,Fibra,Notebook,False,Medio,,1,5.1,2,48.2,56.9,50.6,52.8,4.18,True,5.0,2025-03-01
1139,M,,Araucanía,Diurna,A,4.48,True,11.0,3.93,,4.82,62.2,8,23.6,DSL,Desktop,True,Medio,21.0,1,13.3,1,43.9,54.6,51.1,69.8,4.04,True,6.0,2025-03-25
1140,NB,25.0,Biobío,Diurna,A,3.94,False,37.0,2.8,7.96,4.14,66.7,7,26.0,Fibra,Notebook,False,Medio,,1,1.5,3,61.1,43.7,51.3,47.0,4.03,True,6.0,2025-03-02
1141,NB,21.0,Biobío,Diurna,B,4.23,True,,3.37,,7.35,66.2,8,17.8,Móvil,Smartphone,False,Bajo,22.0,3,0.1,2,49.1,34.8,60.8,39.9,3.66,False,6.0,2025-03-30
1142,M,23.0,O'Higgins,Diurna,C,3.97,True,,5.95,6.95,4.96,54.0,9,20.0,Fibra,Desktop,False,Medio,28.0,3,4.8,2,37.6,41.9,,36.1,3.6,False,5.0,2025-03-13
1143,F,22.0,RM,Vespertina,A,4.4,False,44.0,3.85,8.08,,63.2,9,53.3,Fibra,Tablet,False,Bajo,24.0,1,57.6,2,68.3,59.2,68.6,55.0,4.83,True,5.0,2025-03-01
1144,M,23.0,RM,Diurna,B,5.53,True,45.0,5.25,6.94,,,7,28.1,DSL,Notebook,True,Medio,26.0,0,0.7,1,83.1,80.4,70.6,59.5,5.76,True,5.0,2025-03-24
1145,M,22.0,Los Lagos,Diurna,C,3.68,False,42.0,2.42,6.79,4.37,63.0,8,,Fibra,Notebook,False,Medio,22.0,0,2.0,2,45.7,59.3,48.3,,4.18,True,5.0,2025-03-24
1146,M,18.0,O'Higgins,Vespertina,B,3.53,False,23.0,7.22,8.23,4.71,62.2,8,23.2,Fibra,Notebook,True,Medio,27.0,0,4.1,1,72.6,57.5,,54.1,4.94,True,6.0,2025-03-27
1147,F,25.0,O'Higgins,Diurna,A,5.38,False,19.0,5.24,8.41,5.23,72.1,7,47.3,Fibra,Notebook,False,Medio,17.0,1,4.4,1,68.9,66.8,72.3,56.8,5.11,True,8.0,2025-03-04
1148,F,21.0,Maule,Diurna,A,4.37,True,24.0,7.87,6.95,5.27,61.6,6,30.8,DSL,Notebook,False,Bajo,27.0,3,2.1,1,55.8,63.9,73.5,46.5,4.8,True,7.0,2025-03-24
1149,M,,RM,Vespertina,C,4.1,True,18.0,4.84,8.29,5.1,59.5,7,14.8,Fibra,Notebook,False,Medio,21.0,1,1.1,0,47.2,49.7,54.7,55.0,4.0,False,4.0,2025-03-23
1150,M,21.0,Biobío,Diurna,A,5.12,False,64.0,2.41,7.52,4.57,75.8,7,30.5,Fibra,Notebook,False,Medio,15.0,0,10.9,0,77.1,81.6,73.1,63.3,5.71,True,7.0,2025-03-29
1151,F,,Maule,Diurna,C,4.14,False,26.0,4.85,7.8,3.82,81.4,3,51.8,Móvil,Notebook,False,Medio,25.0,2,3.3,0,50.3,57.5,69.8,54.4,4.47,True,7.0,2025-03-02
1152,M,25.0,Valparaíso,Vespertina,B,,True,36.0,3.43,7.91,5.88,67.5,6,33.8,Fibra,Notebook,True,Medio,,1,1.6,2,69.1,63.6,69.1,50.9,4.98,True,7.0,2025-03-21
1153,M,21.0,RM,Diurna,C,4.91,False,54.0,6.42,7.88,6.84,66.3,6,,Móvil,Notebook,True,Bajo,14.0,3,1.0,3,59.4,,,67.7,4.0,True,6.0,2025-03-30
1154,F,21.0,Coquimbo,Diurna,C,4.21,True,17.0,4.3,8.15,5.1,49.3,11,27.3,DSL,Smartphone,True,Medio,29.0,2,3.9,1,47.7,51.9,57.0,60.8,4.1,True,5.0,2025-03-26
1155,NB,21.0,Biobío,Diurna,C,5.79,True,11.0,6.54,7.31,5.62,65.5,6,52.4,Fibra,Notebook,True,Medio,20.0,2,0.8,2,79.5,80.6,85.1,72.2,5.87,True,,2025-03-20
1156,M,28.0,RM,Vespertina,B,4.14,False,18.0,4.61,7.95,5.6,,7,25.7,Fibra,Notebook,True,Bajo,17.0,1,0.6,1,52.8,47.5,65.4,50.3,4.16,True,4.0,2025-03-16
1157,F,23.0,Biobío,Diurna,C,4.95,True,39.0,3.87,7.1,4.53,56.6,8,26.1,Fibra,Desktop,False,Bajo,29.0,1,2.3,2,51.6,49.7,63.8,55.5,4.18,True,5.0,2025-03-03
1158,F,23.0,RM,Diurna,B,4.68,False,37.0,3.46,6.46,7.85,60.9,9,36.3,DSL,Notebook,True,Bajo,24.0,2,1.0,3,62.0,61.8,43.1,42.3,4.49,True,5.0,2025-03-17
1159,M,25.0,Biobío,Vespertina,B,5.28,True,42.0,6.86,7.74,5.35,76.4,4,18.5,DSL,Notebook,False,Alto,25.0,1,3.0,2,84.2,57.1,69.1,77.3,5.06,True,5.0,2025-03-05
1160,F,23.0,Biobío,Vespertina,B,5.44,True,30.0,5.2,7.11,6.62,66.2,7,25.5,DSL,Notebook,False,Medio,18.0,4,47.9,0,74.3,81.1,76.8,69.1,5.69,True,7.0,2025-03-26
1161,M,21.0,Biobío,Diurna,C,4.52,True,5.0,4.69,7.52,,64.4,6,39.0,Móvil,Notebook,False,Bajo,21.0,2,3.2,0,52.3,54.8,66.4,45.8,4.38,True,6.0,2025-03-08
1162,F,21.0,Araucanía,Diurna,C,4.05,False,30.0,4.64,7.43,7.22,58.9,10,43.3,DSL,Smartphone,False,Medio,22.0,2,1.0,1,47.3,50.0,66.6,49.8,4.15,True,,2025-03-12
1163,F,22.0,Maule,Diurna,C,4.78,True,59.0,3.08,7.31,6.33,66.4,6,37.5,Fibra,Notebook,False,Medio,21.0,0,0.0,2,56.8,46.8,59.9,59.3,4.14,True,6.0,2025-03-25
1164,F,22.0,Valparaíso,Vespertina,B,4.09,False,68.0,3.69,6.81,6.64,57.8,8,28.9,Fibra,Notebook,True,Medio,23.0,0,0.4,1,49.8,52.6,55.1,44.5,4.14,True,4.0,2025-03-23
1165,M,24.0,O'Higgins,Diurna,B,5.71,False,34.0,6.7,8.27,4.88,69.6,8,43.4,Móvil,Notebook,False,Bajo,26.0,6,8.1,1,65.4,100.0,79.4,,6.13,True,9.0,2025-03-12
1166,F,22.0,RM,Diurna,C,4.58,False,37.0,3.26,7.9,5.11,53.5,9,19.3,Fibra,Notebook,False,Bajo,21.0,1,6.1,0,59.1,62.4,49.7,44.1,4.53,True,4.0,2025-03-27
1167,M,24.0,RM,Vespertina,A,4.28,False,48.0,3.09,8.52,6.15,61.3,9,44.5,Fibra,Desktop,False,Alto,25.0,1,0.8,2,54.2,46.8,40.4,57.4,3.87,False,4.0,2025-03-01
1168,M,22.0,Coquimbo,Vespertina,A,4.61,False,67.0,7.51,6.44,6.37,61.2,7,53.4,DSL,Notebook,False,Bajo,25.0,2,4.5,2,41.5,70.3,65.4,52.4,4.64,True,4.0,2025-03-01
1169,M,22.0,RM,Diurna,B,3.69,True,33.0,3.37,6.14,4.25,,7,32.8,Fibra,Notebook,False,Bajo,23.0,1,2.8,1,36.7,43.9,51.5,30.0,3.6,False,4.0,2025-03-15
1170,F,18.0,O'Higgins,Vespertina,A,3.92,True,48.0,2.87,7.06,4.22,67.7,6,38.8,Móvil,Notebook,False,Alto,19.0,2,10.6,1,46.3,66.6,50.9,48.2,4.44,True,5.0,2025-03-17
1171,F,25.0,Biobío,Diurna,A,5.22,False,22.0,3.45,7.82,4.68,60.7,7,45.5,DSL,Notebook,False,Medio,18.0,1,,0,62.2,72.9,54.9,69.7,4.97,True,,2025-03-02
1172,M,23.0,O'Higgins,Vespertina,A,4.11,True,12.0,6.55,7.35,5.76,54.4,10,43.9,Fibra,Notebook,False,Bajo,26.0,0,3.4,1,71.1,26.7,64.1,51.4,3.85,False,5.0,2025-03-17
1173,F,25.0,Biobío,Diurna,A,3.87,False,23.0,2.93,7.55,4.92,60.2,9,30.5,Móvil,Desktop,True,Bajo,17.0,2,0.2,0,52.9,,53.7,63.0,3.88,False,5.0,2025-03-20
1174,M,18.0,Coquimbo,Diurna,A,4.82,True,76.0,4.11,6.34,7.17,51.8,8,12.0,Fibra,Desktop,True,Bajo,23.0,0,1.5,1,46.1,65.1,63.1,56.6,4.54,True,5.0,2025-03-26
1175,F,28.0,Valparaíso,Vespertina,C,5.21,True,48.0,1.59,7.19,3.6,61.8,7,37.6,Fibra,Tablet,False,Bajo,15.0,2,10.0,0,58.5,60.0,76.4,58.9,4.77,True,3.0,2025-03-09
1176,M,22.0,O'Higgins,Diurna,B,4.93,False,13.0,7.72,8.86,4.31,69.9,7,26.6,Fibra,Tablet,False,Alto,28.0,1,2.3,1,68.9,63.8,60.0,71.2,4.88,True,7.0,2025-03-12
1177,F,25.0,Biobío,Diurna,B,5.1,True,50.0,7.23,7.92,3.59,65.9,7,36.8,Fibra,Notebook,False,Medio,26.0,0,1.0,0,67.8,60.5,64.2,64.4,4.81,True,5.0,2025-03-04
1178,M,19.0,Valparaíso,Vespertina,C,4.05,False,14.0,6.33,7.9,5.5,73.7,5,47.2,Fibra,Notebook,True,Medio,25.0,0,0.4,3,66.4,44.1,64.5,,4.29,True,8.0,2025-03-13
1179,F,24.0,O'Higgins,Vespertina,A,3.65,False,42.0,1.41,7.64,5.01,50.4,9,32.6,Fibra,Desktop,False,Alto,22.0,2,3.6,0,54.7,45.0,60.5,41.7,4.06,True,4.0,2025-03-04
1180,M,19.0,Valparaíso,Diurna,C,5.4,True,16.0,7.48,6.7,6.21,76.1,7,60.0,Fibra,Desktop,False,Medio,24.0,0,3.1,2,68.6,92.9,60.7,72.5,5.75,True,4.0,2025-03-07
1181,M,20.0,Valparaíso,Diurna,C,4.31,False,,3.93,,14.59,61.0,6,16.7,Fibra,Desktop,True,Bajo,19.0,0,1.4,1,73.0,68.3,78.8,51.7,5.31,True,7.0,2025-03-14
1182,M,28.0,Araucanía,Diurna,A,4.35,False,84.0,1.86,6.44,7.39,72.6,5,33.3,DSL,Notebook,False,Medio,19.0,2,9.0,5,57.6,73.3,55.5,41.9,4.9,True,6.0,2025-03-27
1183,F,21.0,RM,Diurna,B,5.3,False,26.0,5.35,8.43,5.91,,2,44.2,Móvil,Notebook,False,Alto,23.0,7,0.1,1,63.5,80.7,74.1,62.0,5.45,True,6.0,2025-03-09
1184,F,23.0,Valparaíso,Diurna,C,4.83,True,,3.9,6.37,6.21,59.4,9,16.0,Fibra,Desktop,False,Medio,22.0,1,1.1,2,77.0,69.4,60.5,71.4,5.19,True,4.0,2025-03-23
1185,M,25.0,Valparaíso,Diurna,C,4.77,False,33.0,4.55,7.33,5.34,60.2,8,28.4,Fibra,Desktop,True,Bajo,23.0,4,7.6,1,60.4,79.2,59.0,61.2,5.17,True,8.0,2025-03-01
1186,F,23.0,Coquimbo,Vespertina,B,5.8,False,15.0,9.29,8.13,5.59,69.5,6,43.3,Fibra,Smartphone,True,Medio,38.0,0,1.2,1,69.1,82.4,90.0,78.8,5.8,True,8.0,2025-03-01
1187,F,22.0,Biobío,Diurna,B,4.11,True,28.0,8.55,7.66,4.73,68.4,9,19.8,Fibra,Notebook,True,Medio,25.0,1,0.9,1,74.5,59.7,,52.2,4.81,True,3.0,2025-03-20
1188,F,23.0,RM,Diurna,A,5.06,True,15.0,2.81,9.41,5.95,63.5,7,28.4,DSL,Notebook,False,Alto,21.0,3,2.3,1,76.2,69.9,65.3,61.9,5.25,True,5.0,2025-03-04
1189,F,29.0,O'Higgins,Diurna,C,4.53,False,120.0,2.25,7.3,7.57,61.7,9,29.7,DSL,Notebook,False,Bajo,25.0,0,5.2,1,49.1,66.0,51.4,48.6,4.48,True,7.0,2025-03-01
1190,M,22.0,Coquimbo,Vespertina,A,4.66,False,53.0,5.35,7.15,6.33,80.4,4,43.4,Fibra,Desktop,True,Medio,20.0,2,0.3,0,,60.6,62.4,64.9,4.63,True,6.0,2025-03-22
1191,M,23.0,RM,Diurna,C,5.42,False,33.0,5.3,8.17,4.01,65.3,7,51.2,Fibra,Notebook,True,Alto,28.0,1,,1,67.0,63.3,94.2,61.7,5.24,True,6.0,2025-03-10
1192,F,25.0,Valparaíso,Diurna,B,4.8,False,46.0,6.12,6.76,5.58,58.4,11,47.8,Fibra,Notebook,False,Medio,30.0,0,4.8,1,68.6,65.6,70.5,63.3,5.05,True,6.0,2025-03-02
1193,F,25.0,RM,Diurna,B,4.82,False,51.0,7.07,,5.14,68.7,6,39.1,DSL,Smartphone,True,Medio,26.0,0,0.6,2,69.5,68.3,,55.0,5.11,True,4.0,2025-03-27
1194,F,26.0,Biobío,Diurna,B,5.14,True,,6.39,6.47,6.66,71.4,4,37.2,Fibra,Notebook,False,Bajo,26.0,1,3.7,0,67.6,72.5,76.6,57.1,5.31,True,4.0,2025-03-21
1195,M,24.0,RM,Diurna,A,4.28,True,50.0,5.44,8.61,5.32,51.9,10,38.4,Móvil,Desktop,False,Bajo,26.0,1,1.5,1,56.4,43.3,49.1,60.6,3.9,False,,2025-03-24
1196,M,19.0,RM,Vespertina,A,4.0,True,47.0,7.38,7.61,3.18,59.1,8,33.1,DSL,Notebook,False,Bajo,21.0,3,1.5,2,71.2,78.8,76.7,46.9,5.57,True,4.0,2025-03-15
1197,F,27.0,Valparaíso,Vespertina,A,3.87,False,35.0,1.62,7.58,4.18,69.5,6,49.6,Fibra,Desktop,False,Alto,25.0,1,4.6,0,,43.8,,52.2,3.53,False,5.0,2025-03-03
1198,F,19.0,Biobío,Diurna,A,3.32,True,80.0,5.82,6.55,,40.0,12,32.5,DSL,Notebook,True,Bajo,,2,9.9,1,49.7,39.7,39.2,45.2,3.56,False,5.0,2025-03-25
1199,F,23.0,O'Higgins,Diurna,C,5.73,False,36.0,5.44,8.85,4.82,73.8,7,63.9,Móvil,Tablet,False,Medio,21.0,6,0.4,0,66.9,62.5,70.9,63.4,4.93,True,4.0,2025-03-23
1200,F,20.0,O'Higgins,Vespertina,B,3.84,True,34.0,5.76,7.53,4.06,,10,,DSL,Tablet,False,Medio,22.0,2,1.6,0,55.6,80.7,61.3,45.9,5.16,True,5.0,2025-03-09
1201,F,22.0,Araucanía,Vespertina,A,4.37,True,36.0,,8.97,5.43,58.8,7,26.0,Fibra,Notebook,True,Bajo,32.0,0,2.0,2,50.5,56.0,58.3,50.0,4.29,True,7.0,2025-03-17
1202,M,23.0,Valparaíso,Diurna,C,4.33,False,38.0,37.98,8.26,5.44,95.9,1,74.1,Fibra,Notebook,True,Medio,50.0,1,1.4,0,100.0,100.0,100.0,100.0,7.0,True,9.0,2025-03-21
1203,M,23.0,RM,Diurna,C,4.68,True,8.0,6.71,8.25,4.8,67.2,6,30.7,Móvil,Notebook,False,Medio,32.0,5,,2,59.9,74.0,68.2,62.3,5.12,True,5.0,2025-03-28
1204,F,23.0,Los Lagos,Diurna,C,4.99,False,17.0,2.19,9.06,3.32,60.6,8,30.3,DSL,Notebook,False,Alto,15.0,2,0.2,0,74.9,72.4,59.9,65.8,5.24,True,8.0,2025-03-13
1205,F,27.0,Araucanía,Diurna,C,5.02,True,30.0,7.19,8.07,6.19,62.0,7,38.5,DSL,Tablet,False,Medio,22.0,4,3.5,0,58.4,65.1,58.0,77.3,4.7,True,7.0,2025-03-03
1206,M,23.0,Biobío,Vespertina,A,4.15,False,8.0,8.08,7.06,6.46,79.1,6,22.3,Móvil,Notebook,False,Medio,25.0,1,1.7,0,59.7,76.8,77.2,62.8,5.3,True,7.0,2025-03-04
1207,M,21.0,Coquimbo,Vespertina,B,4.4,False,33.0,5.62,7.6,4.75,68.2,6,43.0,Móvil,Notebook,True,Bajo,17.0,2,0.6,1,78.0,52.7,69.5,46.9,4.82,True,5.0,2025-03-04
1208,F,25.0,Los Lagos,Vespertina,C,4.67,True,38.0,5.06,7.17,5.74,67.2,7,22.2,Móvil,Notebook,True,Alto,27.0,4,5.1,0,61.9,50.2,70.8,58.9,4.47,True,4.0,2025-03-11
1209,M,26.0,O'Higgins,Diurna,C,4.35,False,12.0,3.97,7.91,5.53,68.2,6,31.7,Fibra,Desktop,False,Bajo,17.0,0,4.9,0,,38.8,55.6,,3.47,False,5.0,2025-03-28
1210,M,18.0,Maule,Diurna,A,5.46,True,21.0,7.1,,4.9,74.3,4,41.5,Fibra,Smartphone,False,Medio,15.0,2,2.0,2,66.5,60.3,82.1,74.3,4.99,True,6.0,2025-03-07
1211,F,24.0,Valparaíso,Vespertina,C,4.79,False,70.0,5.53,7.11,5.75,61.3,8,42.0,DSL,Notebook,False,Bajo,17.0,1,1.1,2,40.6,77.0,59.6,49.3,4.75,True,6.0,2025-03-26
1212,F,24.0,RM,Vespertina,A,4.94,True,46.0,,8.57,6.14,54.8,9,39.6,DSL,Notebook,True,Alto,19.0,4,3.0,1,45.7,72.7,68.8,53.4,4.83,True,3.0,2025-03-11
1213,F,21.0,O'Higgins,Diurna,A,4.9,True,45.0,4.04,8.28,3.52,66.3,7,20.3,DSL,Notebook,False,Medio,23.0,1,,1,29.7,60.6,71.1,50.1,4.21,True,3.0,2025-03-24
1214,M,26.0,Coquimbo,Vespertina,B,5.2,False,65.0,4.94,7.26,7.03,74.1,3,42.2,Fibra,Notebook,False,Medio,26.0,0,0.8,1,61.5,81.4,69.4,,5.38,True,6.0,2025-03-11
1215,F,22.0,Biobío,Vespertina,B,4.61,False,18.0,4.94,7.96,5.66,61.5,6,48.3,DSL,Notebook,False,Bajo,25.0,2,3.9,1,45.1,55.8,57.7,45.9,4.18,True,4.0,2025-03-10
1216,M,22.0,Biobío,Diurna,B,3.72,False,12.0,2.41,8.21,4.11,58.0,9,34.6,DSL,Notebook,False,Medio,24.0,2,0.1,0,51.1,50.1,63.2,48.4,4.18,True,5.0,2025-03-05
1217,M,21.0,RM,Diurna,A,4.74,False,60.0,6.39,6.21,5.75,64.4,6,46.2,Fibra,Notebook,False,Medio,22.0,2,0.3,3,,62.4,70.0,52.8,4.53,True,3.0,2025-03-13
1218,F,22.0,Los Lagos,Diurna,C,4.11,False,31.0,4.58,7.55,4.85,75.1,5,47.0,Fibra,Notebook,False,Medio,26.0,1,0.0,0,59.5,59.5,58.3,59.7,4.56,True,6.0,2025-03-29
1219,F,19.0,O'Higgins,Diurna,A,4.18,True,17.0,4.84,8.75,3.39,64.7,6,22.6,Fibra,Notebook,True,Bajo,18.0,1,0.5,3,50.8,54.4,48.9,52.0,4.13,True,5.0,2025-03-12
1220,F,18.0,Biobío,Diurna,A,4.85,True,8.0,4.36,8.07,14.69,55.4,10,24.0,Fibra,Notebook,True,Alto,14.0,0,0.2,1,74.3,74.2,63.5,62.0,5.33,True,7.0,2025-03-10
1221,F,27.0,Valparaíso,Vespertina,C,5.24,True,37.0,6.2,7.61,16.37,64.5,8,40.5,Fibra,Notebook,True,Alto,26.0,1,16.4,1,78.5,69.3,82.9,65.9,5.49,True,6.0,2025-03-07
1222,F,,RM,Diurna,C,4.51,True,28.0,5.25,7.62,5.63,59.9,9,27.7,Fibra,Desktop,False,Bajo,24.0,1,1.0,0,64.9,67.0,72.0,51.0,5.04,True,6.0,2025-03-19
1223,M,19.0,O'Higgins,Diurna,C,4.69,True,25.0,7.47,8.75,6.27,56.4,10,44.1,Fibra,Desktop,False,Medio,22.0,0,0.5,4,56.6,71.8,55.6,63.9,4.84,True,7.0,2025-03-19
1224,M,18.0,Los Lagos,Diurna,C,5.52,True,5.0,7.08,8.79,4.09,69.7,8,41.1,DSL,Notebook,False,Medio,27.0,0,0.8,2,87.5,75.5,,69.3,5.62,True,5.0,2025-03-19
1225,M,20.0,Los Lagos,Diurna,B,4.64,False,79.0,4.13,9.36,,59.3,7,32.4,DSL,Notebook,False,Medio,25.0,0,8.3,0,43.0,49.3,72.2,50.0,4.12,True,6.0,2025-03-12
1226,M,18.0,RM,Vespertina,B,6.06,True,10.0,4.97,7.79,4.83,68.4,6,41.5,Móvil,Desktop,True,Bajo,20.0,1,2.2,0,59.3,60.4,67.8,87.6,4.69,True,4.0,2025-03-20
1227,NB,27.0,RM,Diurna,A,4.84,True,27.0,6.86,8.2,5.79,,9,24.0,Fibra,Smartphone,False,Medio,24.0,0,1.4,1,63.4,67.7,73.3,67.5,5.05,True,5.0,2025-03-22
1228,M,25.0,RM,Diurna,B,3.44,False,24.0,4.11,7.33,2.65,71.1,7,40.9,Fibra,Notebook,False,Medio,22.0,1,6.2,1,73.3,53.3,53.1,51.9,4.56,True,5.0,2025-03-15
1229,F,20.0,Biobío,Vespertina,B,4.95,False,47.0,5.08,8.82,4.9,64.3,6,27.6,Móvil,Notebook,True,Medio,31.0,4,1.5,1,59.9,64.6,79.6,71.6,4.97,True,7.0,2025-03-05
1230,F,29.0,Coquimbo,Diurna,A,4.73,False,8.0,5.68,,4.3,70.4,5,53.2,Fibra,Notebook,True,Medio,24.0,1,1.2,0,62.9,66.4,63.4,,4.89,True,6.0,2025-03-24
1231,F,25.0,Los Lagos,Diurna,C,5.27,False,44.0,4.94,7.04,6.55,68.2,6,46.6,Móvil,Notebook,False,Medio,18.0,3,0.7,2,46.8,87.6,73.9,58.7,5.36,True,5.0,2025-03-30
1232,F,21.0,O'Higgins,Diurna,B,4.9,True,37.0,4.67,6.72,6.14,58.7,7,29.2,Móvil,Notebook,False,Medio,24.0,4,1.4,1,66.4,46.6,64.4,60.3,4.37,True,4.0,2025-03-14
1233,F,18.0,O'Higgins,Diurna,A,4.42,False,20.0,9.39,8.06,3.85,70.8,5,51.2,Fibra,Notebook,False,Bajo,19.0,1,1.1,2,77.7,51.2,76.2,62.2,4.85,True,6.0,2025-03-12
1234,F,29.0,Valparaíso,Diurna,A,3.77,False,43.0,,7.36,4.43,59.6,7,36.5,Móvil,Notebook,False,Alto,18.0,3,3.4,2,55.4,53.6,37.5,47.3,4.06,True,4.0,2025-03-29
1235,M,18.0,Maule,Diurna,C,4.37,True,33.0,3.01,6.9,5.66,59.2,8,39.0,Fibra,Notebook,False,Medio,19.0,0,1.0,2,44.7,48.6,,48.9,3.71,False,5.0,2025-03-21
1236,F,18.0,O'Higgins,Diurna,A,3.99,False,91.0,6.54,6.14,5.72,52.8,10,50.8,Fibra,Notebook,False,Bajo,16.0,1,2.6,1,40.3,51.8,49.9,47.9,3.88,False,2.0,2025-03-11
1237,M,25.0,Los Lagos,Vespertina,C,4.15,False,28.0,4.41,8.08,5.4,62.7,8,39.5,DSL,Notebook,True,Bajo,28.0,1,0.2,0,,65.7,64.8,60.2,4.58,True,8.0,2025-03-28
1238,M,29.0,RM,Diurna,B,4.85,False,16.0,5.06,9.27,3.76,74.7,5,32.3,Fibra,Notebook,False,Medio,13.0,0,0.6,1,68.9,83.0,64.2,,5.5,True,5.0,2025-03-05
1239,F,26.0,RM,Diurna,B,5.5,True,44.0,,6.13,3.37,65.5,6,32.3,Móvil,Notebook,False,Alto,23.0,5,1.6,4,55.1,51.7,61.1,66.5,4.28,True,4.0,2025-03-16
1240,M,24.0,Biobío,Diurna,B,4.74,True,26.0,,7.77,4.97,61.7,8,26.2,Fibra,Notebook,False,Medio,21.0,0,8.3,1,43.6,,63.7,45.8,4.07,True,7.0,2025-03-30
1241,F,24.0,O'Higgins,Diurna,C,3.78,False,32.0,6.43,9.02,3.58,64.7,6,47.0,Fibra,Tablet,False,Medio,24.0,3,1.4,0,52.9,63.0,66.2,50.1,4.63,True,5.0,2025-03-26
1242,F,25.0,Valparaíso,Diurna,B,4.77,True,,5.46,7.35,3.72,67.6,7,26.4,DSL,Notebook,True,Bajo,21.0,1,3.3,0,56.7,70.8,65.0,57.2,4.92,True,4.0,2025-03-18
1243,F,,RM,Diurna,C,5.22,False,48.0,6.54,8.12,3.18,73.1,7,41.2,DSL,Desktop,False,Medio,27.0,4,0.9,2,67.7,96.5,83.8,70.6,6.12,True,8.0,2025-03-12
1244,M,23.0,Araucanía,Vespertina,B,4.13,True,23.0,5.54,7.62,5.34,59.3,8,45.7,Fibra,Tablet,False,Alto,20.0,1,0.4,2,59.0,66.4,,,4.66,True,5.0,2025-03-27
1245,M,22.0,Valparaíso,Diurna,A,4.42,True,39.0,3.3,8.33,,,9,25.2,Fibra,Notebook,False,Medio,14.0,1,0.2,0,51.5,52.2,52.9,42.6,4.13,True,4.0,2025-03-27
1246,F,22.0,RM,Diurna,C,4.51,True,104.0,5.43,6.75,6.73,45.7,12,23.0,Móvil,Notebook,True,Bajo,21.0,3,1.1,2,45.7,41.4,66.4,45.8,3.86,False,2.0,2025-03-05
1247,M,20.0,Biobío,Diurna,C,4.03,False,27.0,3.98,7.9,4.15,70.5,6,42.5,Fibra,Notebook,False,Medio,28.0,1,0.5,1,58.4,53.1,62.3,63.4,4.39,True,9.0,2025-03-16
1248,NB,21.0,Araucanía,Vespertina,B,4.89,True,52.0,5.49,7.79,5.94,66.7,7,31.2,Móvil,Tablet,True,Bajo,22.0,5,0.6,0,51.5,56.5,66.4,58.3,4.42,True,5.0,2025-03-31
1249,NB,18.0,Valparaíso,Diurna,C,4.43,True,29.0,7.24,,4.62,67.3,6,17.2,DSL,Smartphone,False,Medio,26.0,2,4.3,0,63.8,71.4,86.3,66.1,5.33,True,4.0,2025-03-12
1250,F,22.0,Maule,Diurna,C,4.75,False,20.0,8.56,8.38,4.29,77.0,6,55.0,DSL,Desktop,False,Medio,31.0,1,0.0,0,69.9,73.1,62.3,67.6,5.2,True,8.0,2025-03-23
1251,M,19.0,Valparaíso,Diurna,C,3.97,True,71.0,3.02,7.88,4.19,51.7,10,15.8,DSL,Notebook,False,Medio,21.0,2,2.4,1,33.6,35.9,58.5,48.9,3.38,False,5.0,2025-03-02
1252,M,19.0,Los Lagos,Vespertina,C,4.24,False,,6.6,8.06,2.97,64.2,8,39.6,Fibra,Notebook,True,Bajo,23.0,1,1.4,2,70.1,58.7,79.4,59.5,4.98,True,5.0,2025-03-30
1253,F,23.0,Valparaíso,Diurna,C,4.93,True,60.0,3.83,7.16,4.97,52.6,10,29.3,DSL,Notebook,True,Alto,23.0,0,2.1,3,49.2,67.9,59.5,61.8,4.64,True,4.0,2025-03-29
1254,M,26.0,Valparaíso,Vespertina,C,4.28,False,6.0,,7.29,5.35,64.4,7,46.6,Móvil,Notebook,False,Medio,25.0,4,2.5,3,66.3,71.0,77.4,54.7,5.25,True,7.0,2025-03-06
1255,M,25.0,Coquimbo,Diurna,B,5.54,True,,6.67,7.51,5.71,73.6,5,15.1,Fibra,Notebook,False,Medio,26.0,0,1.1,2,77.4,74.6,64.1,64.4,5.4,True,6.0,2025-03-23
1256,F,18.0,RM,Diurna,C,4.26,False,33.0,5.32,8.8,4.45,61.5,8,34.4,Móvil,Notebook,False,Medio,20.0,5,1.0,2,65.2,62.7,56.4,58.9,4.73,True,3.0,2025-03-21
1257,F,19.0,Biobío,Diurna,A,4.63,False,16.0,6.41,7.57,4.1,76.8,5,52.6,Fibra,Desktop,False,Medio,22.0,0,4.0,2,65.3,83.3,73.1,68.8,5.55,True,9.0,2025-03-25
1258,F,25.0,Biobío,Diurna,C,5.06,False,24.0,6.78,8.78,,69.7,5,57.0,Fibra,Notebook,False,Medio,19.0,0,6.2,1,66.8,74.4,81.4,80.5,5.41,True,6.0,2025-03-30
1259,F,19.0,Maule,Diurna,C,3.65,False,50.0,5.19,6.32,4.18,55.4,11,24.0,Fibra,Notebook,True,Medio,18.0,0,0.6,3,58.2,47.8,63.6,46.9,4.24,True,7.0,2025-03-04
1260,M,21.0,Valparaíso,Diurna,A,3.44,False,99.0,2.69,6.77,6.7,44.5,12,38.9,Móvil,Notebook,True,Medio,17.0,5,0.3,1,44.7,31.5,56.2,49.0,3.42,False,5.0,2025-03-30
1261,F,24.0,Araucanía,Vespertina,C,3.58,False,9.0,4.3,7.17,4.83,59.0,8,24.9,Fibra,Tablet,False,Bajo,24.0,1,6.8,0,39.6,49.6,49.6,40.5,3.8,False,3.0,2025-03-30
1262,NB,19.0,Biobío,Diurna,A,5.26,False,16.0,5.98,7.78,3.9,82.1,3,40.8,Móvil,Desktop,False,Medio,38.0,9,1.3,1,65.6,50.3,87.3,82.0,4.74,True,8.0,2025-03-13
1263,M,22.0,Biobío,Diurna,A,4.17,False,11.0,3.24,6.92,4.09,57.4,9,31.5,Móvil,Notebook,True,Medio,19.0,5,2.4,0,31.5,50.3,52.4,55.8,3.7,False,,2025-03-10
1264,F,18.0,Biobío,Diurna,C,6.03,False,29.0,8.08,,5.04,91.3,2,52.8,Fibra,Notebook,True,Bajo,31.0,1,1.3,1,80.3,78.9,91.1,72.5,5.91,True,5.0,2025-03-31
1265,F,20.0,RM,Diurna,A,4.16,True,57.0,2.39,7.53,6.62,48.8,8,33.6,Fibra,Notebook,False,Medio,22.0,0,0.4,1,44.9,34.0,52.3,47.8,3.46,False,3.0,2025-03-17
1266,F,,Valparaíso,Diurna,C,4.61,False,10.0,3.77,7.35,6.06,73.0,8,40.6,DSL,Tablet,False,Alto,20.0,3,2.7,3,67.3,49.7,65.6,56.7,4.49,True,6.0,2025-03-14
1267,F,18.0,RM,Diurna,C,5.43,True,32.0,5.47,5.99,6.73,65.0,6,33.7,Fibra,Notebook,False,Alto,11.0,1,2.2,2,68.2,75.0,73.3,69.3,5.36,True,,2025-03-24
1268,F,23.0,RM,Diurna,B,5.7,True,,4.98,,6.53,62.4,8,45.7,DSL,Notebook,False,Medio,22.0,1,0.7,0,76.4,,56.6,62.9,5.12,True,5.0,2025-03-15
1269,M,22.0,Coquimbo,Vespertina,A,5.74,True,24.0,6.41,7.37,4.17,60.2,8,29.9,Fibra,Notebook,False,Bajo,30.0,2,1.8,2,62.9,72.2,65.2,67.1,5.08,True,7.0,2025-03-08
1270,M,24.0,RM,Vespertina,A,5.23,False,37.0,4.7,7.7,5.23,68.2,8,42.0,Fibra,Notebook,False,Medio,27.0,0,4.8,4,,66.9,67.6,71.4,5.12,True,6.0,2025-03-23
1271,F,23.0,RM,Diurna,B,5.11,True,68.0,3.75,5.0,5.71,51.4,10,40.9,DSL,Desktop,False,Bajo,20.0,2,58.5,6,48.8,56.5,,52.8,4.11,True,3.0,2025-03-24
1272,F,26.0,Maule,Diurna,C,4.86,False,14.0,7.39,7.92,6.08,59.7,10,49.1,Fibra,Notebook,False,Alto,22.0,1,0.3,0,73.3,80.7,77.9,72.1,5.68,True,7.0,2025-03-18
1273,F,22.0,RM,Diurna,B,4.97,False,7.0,7.5,8.22,3.23,73.7,6,39.9,Fibra,Notebook,False,Bajo,24.0,1,2.4,0,58.8,75.2,83.9,70.4,5.32,True,7.0,2025-03-03
1274,F,21.0,Valparaíso,Diurna,A,4.17,False,40.0,6.11,8.82,,60.0,7,23.0,Fibra,Notebook,False,Bajo,22.0,1,3.6,3,58.6,43.9,64.1,68.2,4.14,True,2.0,2025-03-25
1275,F,22.0,Coquimbo,Diurna,B,4.01,True,41.0,4.26,7.6,6.05,68.8,6,28.1,Fibra,Notebook,True,Medio,28.0,0,4.7,2,36.5,72.7,50.4,49.6,4.44,True,6.0,2025-03-17
1276,F,24.0,O'Higgins,Diurna,B,4.5,False,23.0,5.88,8.25,,74.6,5,24.1,Fibra,Smartphone,True,Medio,23.0,2,3.0,2,,68.2,78.5,58.2,5.07,True,7.0,2025-03-24
1277,F,22.0,Biobío,Vespertina,C,,False,20.0,5.98,7.66,5.01,79.4,3,37.2,Móvil,Notebook,False,Medio,30.0,7,0.5,2,64.3,56.5,81.6,71.0,4.83,True,6.0,2025-03-24
1278,F,22.0,Coquimbo,Diurna,A,,True,33.0,3.21,6.35,6.15,53.3,10,36.8,Fibra,Tablet,False,Medio,17.0,0,3.7,1,46.6,40.7,57.4,48.1,3.75,False,6.0,2025-03-07
1279,F,20.0,RM,Diurna,C,4.92,True,14.0,,8.43,,68.6,6,,Fibra,Desktop,True,Bajo,29.0,0,3.4,0,58.5,73.9,77.0,79.1,5.19,True,5.0,2025-03-13
1280,F,20.0,RM,Diurna,B,5.07,False,14.0,8.84,8.18,4.29,55.4,9,26.6,DSL,Notebook,False,Bajo,29.0,1,0.1,1,75.6,68.8,74.6,74.2,5.32,True,6.0,2025-03-30
1281,F,18.0,RM,Diurna,C,4.55,False,50.0,6.63,7.73,4.02,63.8,7,43.1,Fibra,Notebook,False,Medio,23.0,1,1.6,4,57.5,76.2,67.7,57.4,5.13,True,4.0,2025-03-27
1282,M,27.0,O'Higgins,Diurna,B,5.39,True,13.0,5.0,10.0,2.11,68.0,6,30.9,Fibra,Notebook,False,Bajo,21.0,0,1.2,1,,69.4,74.9,58.2,5.18,True,7.0,2025-03-16
1283,M,,RM,Diurna,B,3.81,False,7.0,6.39,6.88,5.62,67.3,7,23.6,Móvil,Desktop,False,Medio,12.0,2,3.3,1,58.7,52.0,,58.2,4.37,True,8.0,2025-03-05
1284,M,20.0,RM,Diurna,C,4.38,False,20.0,7.46,9.12,2.94,68.3,6,44.4,DSL,Notebook,False,Medio,20.0,2,0.7,1,86.0,73.3,74.5,63.0,5.64,True,5.0,2025-03-04
1285,F,20.0,Valparaíso,Vespertina,A,4.07,False,23.0,2.75,7.34,5.13,63.4,4,28.6,DSL,Notebook,True,Medio,15.0,2,2.7,3,60.0,60.8,73.4,57.8,4.78,True,5.0,2025-03-26
1286,M,25.0,RM,Diurna,C,3.38,True,44.0,7.01,7.94,5.65,40.0,12,19.6,DSL,Notebook,False,Alto,22.0,4,7.3,2,57.4,50.6,40.7,,4.04,True,4.0,2025-03-10
1287,M,21.0,Biobío,Diurna,C,4.45,True,21.0,1.46,8.43,4.68,60.8,7,25.5,Fibra,Desktop,False,Alto,24.0,3,4.8,0,59.4,64.2,59.6,50.7,4.71,True,6.0,2025-03-13
1288,F,26.0,Biobío,Diurna,A,4.43,True,75.0,5.25,6.72,6.49,59.9,8,,DSL,Notebook,True,Alto,,3,7.6,2,54.0,54.2,48.1,58.1,4.17,True,3.0,2025-03-31
1289,M,20.0,Biobío,Diurna,A,5.41,True,34.0,8.35,7.49,5.39,77.4,7,39.2,Fibra,Notebook,False,Bajo,30.0,3,11.5,4,51.9,77.8,91.2,78.9,5.36,True,,2025-03-10
1290,F,23.0,Biobío,Diurna,C,4.88,False,18.0,5.72,8.66,,72.4,8,,Fibra,Notebook,False,Bajo,27.0,1,0.0,0,61.3,81.0,67.7,74.9,5.35,True,8.0,2025-03-14
1291,M,19.0,Biobío,Vespertina,A,3.89,False,43.0,4.35,6.9,4.27,60.4,8,28.9,Fibra,Notebook,False,Bajo,20.0,1,2.9,1,48.0,60.6,45.8,55.8,4.23,True,6.0,2025-03-26
1292,M,28.0,Araucanía,Vespertina,B,5.61,False,74.0,6.75,8.01,4.73,76.5,4,57.5,Fibra,Desktop,False,Alto,17.0,1,1.6,1,,70.6,,56.6,5.04,True,4.0,2025-03-22
1293,F,18.0,Biobío,Vespertina,B,5.23,False,49.0,9.31,7.61,4.37,54.9,10,59.3,Fibra,Notebook,False,Alto,26.0,1,5.9,0,58.7,84.6,88.0,,5.65,True,7.0,2025-03-12
1294,M,23.0,RM,Diurna,B,4.85,False,9.0,5.54,8.09,5.03,66.9,6,24.5,Móvil,Desktop,False,Alto,22.0,4,0.9,1,50.5,46.7,78.7,60.3,4.25,True,7.0,2025-03-27
1295,M,24.0,Coquimbo,Diurna,A,4.36,True,,3.23,7.13,6.52,54.2,10,33.3,Fibra,Notebook,False,Bajo,16.0,0,,0,50.0,72.8,56.9,48.9,4.77,True,6.0,2025-03-01
1296,F,23.0,RM,Diurna,C,3.92,True,,3.33,8.06,6.11,55.9,8,37.3,Fibra,Notebook,False,Alto,16.0,0,,1,53.1,30.7,54.0,,3.53,False,5.0,2025-03-29
1297,F,21.0,Araucanía,Diurna,C,4.28,True,48.0,1.16,6.92,6.98,40.0,12,38.4,Fibra,Notebook,False,Medio,12.0,0,4.7,0,52.7,38.5,59.1,44.9,3.81,False,4.0,2025-03-21
1298,M,22.0,Biobío,Vespertina,C,5.15,False,29.0,7.74,8.54,3.43,81.0,3,51.2,Fibra,Notebook,False,Bajo,24.0,2,0.3,0,77.3,75.2,71.6,81.6,5.51,True,,2025-03-30
1299,F,22.0,Biobío,Diurna,C,5.63,True,26.0,4.76,7.31,6.93,65.3,8,24.7,DSL,Notebook,False,Medio,28.0,0,0.6,2,58.4,67.6,71.2,69.5,4.93,True,8.0,2025-03-20
1300,M,22.0,Biobío,Diurna,A,5.43,True,90.0,3.92,7.61,7.36,61.2,7,39.4,Fibra,Notebook,False,Bajo,19.0,0,4.3,2,41.8,71.2,60.5,50.1,4.61,True,4.0,2025-03-20
