customer_id,age,income_clp,sessions_per_week,avg_session_minutes,support_tickets,satisfaction_score,country,gender,education_level,signup_date,churn
1,40.0,300000.0,1.0,29.7,0.0,2.57,Chile,Female,Graduate,2022/02/09,0
2,33.6,300000.0,,30.3,1.0,4.03,Peru,Male,Secondary,2022/03/19,0
3,41.5,719005.9639873722,4.0,22.3,2.0,2.54,Chile,,Undergraduate,27-04-2023,1
4,50.2,300000.0,1.0,26.1,1.0,2.53,Argentina,Male,Technical,2022/01/02,0
5,32.7,300000.0,3.0,29.2,1.0,1.86,Colombia,Female,Primary,05-03-2024,0
6,32.7,,1.0,28.4,0.0,3.36,Chile,Female,Undergraduate,2023/05/21,0
7,50.8,300000.0,2.0,25.3,0.0,3.67,Mexico,Female,Secondary,2022/10/03,0
8,42.7,,5.0,36.5,2.0,3.23,,Male,Technical,09-08-2021,0
9,30.3,300000.0,4.0,29.7,1.0,4.95,Argentina,Male,Secondary,12-07-2023,0
10,40.4,300000.0,3.0,21.4,0.0,4.88,Chile,Male,Graduate,22-08-2022,0
11,30.4,300000.0,3.0,21.4,0.0,5.0,Mexico,Female,Secondary,22-05-2021,0
12,30.3,300000.0,5.0,,0.0,3.74,USA,Female,Secondary,31-01-2023,0
13,37.4,300000.0,3.0,30.1,0.0,4.77,Chile,Male,Secondary,2022/01/28,0
14,18.0,300000.0,2.0,20.0,1.0,3.98,Chile,Male,Graduate,2022/01/31,0
15,18.0,300000.0,,21.6,0.0,3.89,Chile,Female,Undergraduate,21-01-2023,0
16,29.4,300000.0,2.0,33.5,0.0,3.28,Colombia,,Undergraduate,2022/12/12,0
17,24.9,300000.0,1.0,26.5,2.0,1.66,Colombia,Male,Technical,2023/07/21,1
18,38.1,300000.0,2.0,34.6,0.0,4.27,Chile,Male,Technical,2023/02/19,0
19,25.9,300000.0,1.0,31.4,0.0,4.74,USA,Female,Secondary,2024/02/18,0
20,20.9,300000.0,3.0,15.6,0.0,2.33,Chile,Female,Technical,2023/05/21,0
21,49.7,300000.0,3.0,24.2,,3.69,Mexico,Non-Binary,Secondary,03-12-2023,1
22,32.7,300000.0,6.0,32.9,0.0,4.59,Chile,Male,Graduate,27-03-2021,0
23,35.7,300000.0,5.0,15.2,0.0,3.38,,Female,Undergraduate,12-11-2022,0
24,20.8,300000.0,6.0,28.4,1.0,4.77,Chile,Female,Secondary,15-11-2021,0
25,29.6,,1.0,24.7,3.0,3.57,Chile,Male,Secondary,30-07-2021,0
26,36.1,697547.0893784396,2.0,11.0,0.0,3.23,Peru,Female,Undergraduate,2023/09/19,1
27,23.5,300000.0,,26.0,,4.83,Argentina,Male,Secondary,24-01-2021,0
28,38.8,,2.0,18.3,1.0,2.86,,Male,Secondary,2022/04/28,0
29,29.0,300000.0,1.0,15.7,,3.05,Chile,Male,Secondary,21-10-2023,1
30,32.1,300000.0,4.0,25.1,1.0,2.89,Chile,Male,Technical,2021/08/05,0
31,29.0,300000.0,,9.6,0.0,2.67,Colombia,Female,Undergraduate,2022/05/21,0
32,53.5,300000.0,1.0,,0.0,3.84,Colombia,Male,Secondary,12-03-2022,0
33,34.9,300000.0,4.0,45.4,0.0,3.24,Chile,Male,Secondary,14-01-2024,0
34,24.4,300000.0,3.0,30.2,1.0,4.14,Argentina,Male,Technical,2024/01/16,0
35,43.2,300000.0,1.0,17.9,1.0,2.14,Chile,Female,Undergraduate,06-03-2021,1
36,22.8,300000.0,2.0,36.2,1.0,2.69,USA,Female,Secondary,11-03-2024,0
37,37.1,300000.0,1.0,17.1,2.0,,USA,Female,Secondary,28-09-2023,0
38,18.0,300000.0,,20.6,0.0,5.0,Peru,,Graduate,2022/06/13,0
39,21.7,300000.0,,15.8,,4.04,USA,Male,Graduate,2022/08/11,0
40,37.0,300000.0,3.0,27.0,2.0,3.17,Mexico,Male,Graduate,2023/06/25,0
41,42.4,300000.0,4.0,35.9,0.0,2.36,Mexico,Female,Undergraduate,2024/01/19,0
42,36.7,300000.0,4.0,17.0,0.0,3.12,Argentina,Male,Secondary,2022/09/20,0
43,33.8,300000.0,0.0,8.5,,3.66,Chile,Male,Secondary,2023/12/11,0
44,32.0,300000.0,3.0,33.7,,1.58,Chile,Female,Secondary,2023/08/31,0
45,20.2,300000.0,0.0,82.77747328918808,1.0,2.61,Chile,,Secondary,06-07-2023,0
46,27.8,300000.0,3.0,9.0,0.0,3.04,Peru,Male,Graduate,15-05-2022,0
47,30.4,300000.0,1.0,,0.0,3.47,Chile,Male,Undergraduate,2022/05/21,0
48,45.6,300000.0,4.0,26.8,0.0,3.65,Chile,,Undergraduate,2023/11/15,0
49,38.4,300000.0,,18.7,,,Chile,Female,Secondary,04-09-2022,0
50,18.0,300000.0,,13.8,0.0,4.16,Chile,Female,Graduate,13-08-2023,0
51,38.2,300000.0,3.0,32.9,0.0,3.81,Argentina,Female,Undergraduate,2021/10/28,0
52,31.1,300000.0,,26.4,0.0,3.37,USA,Female,Secondary,2024/03/24,0
53,28.2,300000.0,3.0,27.0,1.0,4.28,Colombia,Male,Undergraduate,28-06-2021,0
54,41.1,300000.0,2.0,20.0,1.0,4.21,Peru,Male,Secondary,2022/06/22,0
55,45.3,,3.0,18.6,0.0,2.39,Argentina,Male,Secondary,2024/02/25,0
56,44.3,300000.0,3.0,5.4,0.0,3.67,Chile,Male,Undergraduate,2021/03/14,0
57,26.6,300000.0,4.0,23.2,0.0,4.5,Chile,Non-Binary,Undergraduate,28-05-2021,0
58,31.9,300000.0,3.0,36.5,1.0,4.65,USA,Female,Secondary,29-03-2022,0
59,38.3,300000.0,1.0,17.9,2.0,4.03,Chile,Male,Secondary,15-07-2021,1
60,44.8,300000.0,2.0,12.8,1.0,3.49,Chile,Male,Graduate,14-06-2021,0
61,30.2,300000.0,4.0,28.5,0.0,4.08,Colombia,Male,Undergraduate,2022/11/08,0
62,33.1,300000.0,1.0,30.0,1.0,4.43,Chile,Male,Undergraduate,10-09-2021,0
63,23.9,300000.0,4.0,,0.0,3.8,Chile,Male,Secondary,2023/05/13,0
64,23.0,300000.0,2.0,22.2,1.0,3.91,,Female,Primary,09-08-2023,0
65,43.1,300000.0,,27.1,1.0,3.48,Chile,Female,Secondary,25-01-2023,0
66,48.6,300000.0,5.0,23.8,1.0,,Chile,Female,Secondary,2023/11/30,0
67,34.3,300000.0,6.0,33.0,0.0,3.54,Chile,Male,Secondary,2021/12/03,0
68,45.0,300000.0,1.0,44.5,0.0,3.09,Peru,Male,Secondary,03-06-2022,0
69,38.6,300000.0,7.0,11.3,,3.09,Mexico,Female,Technical,2023/05/07,0
70,28.5,300000.0,4.0,,0.0,4.99,,,Secondary,2024/01/07,0
71,38.6,300000.0,3.0,25.8,1.0,4.56,USA,Female,Undergraduate,2021/03/27,0
72,50.4,300000.0,3.0,36.1,0.0,2.18,Chile,,Secondary,2021/06/25,0
73,34.6,300000.0,0.0,30.8,1.0,2.72,Chile,,Technical,28-03-2023,0
74,50.6,300000.0,3.0,25.5,1.0,3.37,Chile,Female,Primary,2023/09/17,0
75,18.0,300000.0,,,0.0,3.12,Peru,Male,Technical,2021/07/06,0
76,43.2,300000.0,1.0,21.8,2.0,3.99,Chile,Female,Primary,24-09-2021,0
77,35.9,300000.0,0.0,18.8,0.0,2.58,Argentina,Male,Graduate,02-11-2023,0
78,32.0,300000.0,2.0,31.5,1.0,4.56,Colombia,Male,Undergraduate,2021/10/31,0
79,35.9,,4.0,18.2,1.0,3.66,Chile,Female,Technical,19-09-2022,0
80,18.0,300000.0,6.0,,1.0,3.39,Peru,Male,Secondary,12-05-2023,0
81,32.8,300000.0,3.0,25.2,1.0,3.69,USA,Male,Technical,2022/01/02,0
82,38.6,300000.0,3.0,6.4,0.0,3.32,Chile,Male,Undergraduate,04-05-2021,0
83,49.8,300000.0,2.0,20.4,1.0,1.87,Chile,Male,Secondary,30-12-2021,0
84,29.8,,1.0,27.7,0.0,3.71,Colombia,Male,Technical,2023/08/22,0
85,26.9,300000.0,0.0,21.8,,,Argentina,Male,Undergraduate,2022/03/22,1
86,30.0,300000.0,2.0,,1.0,2.84,Chile,Male,Undergraduate,20-02-2024,0
87,44.2,300000.0,,35.6,0.0,4.69,Chile,Male,Undergraduate,2022/06/13,0
88,38.3,300000.0,6.0,26.4,0.0,4.3,Chile,Non-Binary,Undergraduate,2021/07/25,0
89,29.7,300000.0,3.0,28.5,2.0,5.0,Chile,,Graduate,2023/12/17,1
90,40.1,300000.0,3.0,21.2,0.0,4.45,Chile,Male,Secondary,18-03-2024,0
91,36.0,300000.0,2.0,29.3,1.0,3.12,USA,Female,Technical,08-11-2022,1
92,44.7,300000.0,5.0,39.7,3.0,2.88,Colombia,Female,Undergraduate,27-11-2023,0
93,28.0,300000.0,,19.1,2.0,3.26,Chile,,Undergraduate,2024/01/18,0
94,31.7,300000.0,2.0,38.3,0.0,3.1,Peru,Male,Graduate,2021/02/07,0
95,31.1,300000.0,2.0,28.2,0.0,3.8,USA,,Primary,2023/10/12,1
96,20.4,300000.0,2.0,18.0,0.0,2.32,Chile,Female,Secondary,2021/12/06,1
97,38.0,300000.0,3.0,42.7,1.0,4.28,Chile,Female,Secondary,2022/10/29,0
98,37.6,300000.0,1.0,28.1,0.0,3.78,Chile,Female,Secondary,03-07-2021,0
99,35.1,300000.0,6.0,30.4,1.0,4.18,Mexico,Female,Secondary,2022/01/12,0
100,32.7,300000.0,,22.8,2.0,2.67,,Female,Undergraduate,2022/07/08,0
101,20.8,300000.0,6.0,18.6,0.0,3.92,Spain,Female,Secondary,2022/06/26,0
102,30.8,300000.0,,26.3,0.0,4.87,Chile,Male,Undergraduate,11-02-2024,0
103,31.6,300000.0,5.0,37.7,2.0,2.93,,Female,Undergraduate,2021/04/14,0
104,27.0,300000.0,2.0,22.5,0.0,2.9,Chile,Female,Secondary,25-08-2021,0
105,33.4,300000.0,3.0,24.8,1.0,4.34,Chile,Male,Secondary,22-08-2021,0
106,39.0,300000.0,6.0,36.7,1.0,2.83,Mexico,Non-Binary,Technical,2022/01/13,0
107,53.9,300000.0,6.0,22.6,2.0,3.49,Spain,Male,Undergraduate,2024/02/05,0
108,36.7,300000.0,5.0,29.1,,5.0,Chile,Male,Undergraduate,03-03-2021,0
109,37.6,300000.0,4.0,32.0,,,Spain,,Undergraduate,2022/03/07,0
110,34.3,,3.0,82.77747328918808,1.0,5.0,Mexico,Male,Graduate,18-11-2021,0
111,18.0,300000.0,1.0,27.5,,3.4,Chile,,Technical,04-03-2024,0
112,34.7,300000.0,4.0,30.3,1.0,2.69,Peru,Male,Graduate,08-02-2021,0
113,35.6,300000.0,3.0,21.8,0.0,4.24,Chile,Male,Undergraduate,2021/04/10,0
114,59.6,,4.0,31.5,,3.8,Argentina,Male,Undergraduate,2022/06/10,0
115,33.1,300000.0,2.0,20.6,0.0,3.71,Chile,Male,Primary,2023/05/10,0
116,38.0,300000.0,2.0,19.6,0.0,3.01,Peru,Male,Graduate,2023/01/29,0
117,34.7,300000.0,4.0,12.8,3.0,3.79,Chile,Non-Binary,Technical,11-02-2024,0
118,23.3,300000.0,4.0,21.0,2.0,1.84,Mexico,,Undergraduate,27-02-2022,1
119,46.4,300000.0,1.0,18.5,3.0,3.9,Mexico,Male,Secondary,2022/07/18,0
120,42.5,300000.0,2.0,21.8,0.0,4.87,Chile,Female,Secondary,08-01-2022,0
121,42.9,300000.0,4.0,29.9,,2.11,Chile,Male,Secondary,2022/08/29,0
122,25.9,300000.0,2.0,11.2,1.0,3.33,Chile,Male,Secondary,2021/12/04,0
123,49.0,300000.0,3.0,,0.0,2.91,Argentina,Male,Secondary,2022/11/27,0
124,21.0,300000.0,5.0,19.0,2.0,2.34,Chile,Non-Binary,Undergraduate,18-01-2021,0
125,40.9,300000.0,2.0,28.7,2.0,1.85,Argentina,Female,Primary,05-04-2023,0
126,56.9,300000.0,,27.3,0.0,2.64,Chile,Male,Secondary,2022/03/02,1
127,25.1,300000.0,2.0,18.9,0.0,3.48,,Male,Secondary,27-02-2024,0
128,29.3,300000.0,2.0,34.4,0.0,4.73,Chile,Male,Technical,2023/07/07,0
129,36.0,300000.0,4.0,19.7,0.0,2.33,Chile,Female,Secondary,21-12-2021,0
130,30.0,300000.0,2.0,28.7,0.0,3.96,Mexico,Female,Secondary,23-08-2023,0
131,19.5,300000.0,2.0,22.1,,3.9,,Male,Technical,23-02-2022,0
132,35.7,,3.0,18.0,1.0,5.0,Chile,Female,Undergraduate,09-06-2021,0
133,24.4,300000.0,2.0,20.2,,4.21,Chile,Male,Secondary,2021/04/09,0
134,39.7,300000.0,2.0,30.9,2.0,4.27,Chile,Female,Secondary,04-12-2021,0
135,25.8,,2.0,27.9,2.0,4.33,Argentina,Female,Secondary,20-08-2023,1
136,50.5,,5.0,32.7,1.0,,Chile,Male,Graduate,04-09-2023,0
137,27.2,300000.0,4.0,,,3.18,Argentina,Female,Secondary,15-07-2022,0
138,31.8,300000.0,4.0,12.1,1.0,4.71,USA,,Technical,26-07-2023,0
139,43.1,,4.0,41.9,1.0,1.85,Chile,Male,Secondary,20-07-2021,0
140,22.7,300000.0,4.0,28.0,,3.09,Colombia,Male,Technical,2022/06/21,0
141,37.3,300000.0,4.0,29.1,1.0,2.5,Chile,Female,Primary,2023/05/02,0
142,48.1,300000.0,0.0,22.0,1.0,,Chile,Male,Primary,2022/10/08,0
143,18.9,300000.0,,33.9,2.0,3.32,Chile,Male,Technical,2022/04/30,0
144,36.8,300000.0,4.0,16.3,0.0,4.26,Chile,,Secondary,02-05-2022,0
145,37.6,300000.0,1.0,29.9,0.0,3.6,Chile,Female,Secondary,2021/10/22,0
146,42.8,300000.0,4.0,8.4,1.0,2.31,Chile,Female,Undergraduate,2022/12/06,0
147,22.6,300000.0,1.0,30.4,,2.35,Chile,Female,Graduate,03-12-2022,0
148,21.8,,2.0,16.4,0.0,3.69,Chile,Female,Secondary,2022/07/01,0
149,40.2,300000.0,2.0,27.2,,3.01,Peru,Male,Technical,03-12-2021,0
150,38.0,300000.0,1.0,35.9,,3.22,USA,Female,Graduate,22-04-2022,0
151,37.5,300000.0,4.0,31.6,1.0,4.54,,Female,Undergraduate,2023/05/06,0
152,38.5,300000.0,7.0,34.8,0.0,4.38,Chile,Male,Technical,25-06-2022,0
153,28.2,300000.0,3.0,34.0,1.0,5.0,Chile,Male,Undergraduate,19-04-2022,0
154,37.3,300000.0,4.0,,2.0,3.42,USA,Male,Secondary,11-09-2023,0
155,37.9,300000.0,5.0,29.8,0.0,3.12,Argentina,Female,Technical,03-03-2022,0
156,27.9,300000.0,3.0,11.2,1.0,4.08,Chile,Female,Secondary,27-02-2024,0
157,53.7,300000.0,,19.5,0.0,,Chile,Female,Secondary,2023/02/08,0
158,39.7,300000.0,3.0,36.1,1.0,3.22,Chile,Non-Binary,Secondary,2023/10/10,0
159,23.1,300000.0,2.0,21.9,1.0,3.52,Chile,Male,Secondary,2023/06/17,0
160,41.6,300000.0,2.0,10.1,0.0,5.0,,Female,Undergraduate,11-11-2021,0
161,25.3,300000.0,4.0,41.1,0.0,4.33,USA,Female,Technical,2023/07/20,0
162,42.9,300000.0,1.0,29.5,3.0,4.43,Chile,Male,Technical,2021/12/07,0
163,46.6,300000.0,5.0,,0.0,5.0,Chile,,Secondary,19-08-2023,0
164,26.8,300000.0,2.0,17.2,0.0,4.51,Chile,Male,Secondary,2023/10/26,0
165,44.6,300000.0,3.0,27.3,1.0,2.68,Chile,Female,Technical,2023/03/07,0
166,39.1,300000.0,6.0,27.1,1.0,4.5,USA,Female,Graduate,2023/04/19,0
167,43.2,300000.0,3.0,,,4.61,Chile,Female,Secondary,01-05-2023,0
168,54.0,300000.0,3.0,23.6,1.0,4.29,Chile,Female,Secondary,14-09-2021,0
169,32.5,300000.0,7.0,13.0,1.0,3.52,Chile,Male,Undergraduate,2024/01/31,0
170,27.5,300000.0,3.0,,0.0,4.19,Mexico,Female,Primary,2021/07/10,0
171,26.1,300000.0,1.0,,1.0,3.68,Peru,Male,Undergraduate,2023/03/17,0
172,26.8,300000.0,0.0,19.0,0.0,2.82,Chile,Female,Technical,2021/07/12,0
173,34.2,626709.9967223941,,40.3,2.0,3.04,Chile,Female,Secondary,2024/01/05,0
174,38.4,300000.0,1.0,13.5,0.0,4.33,Chile,Female,Secondary,25-04-2023,0
175,37.8,300000.0,2.0,22.9,,2.88,Spain,Male,Secondary,2022/09/26,0
176,43.3,300000.0,1.0,19.7,0.0,2.97,Chile,Female,Secondary,16-05-2023,0
177,35.1,300000.0,3.0,23.6,,4.38,Chile,Female,Undergraduate,2021/01/15,0
178,49.5,300000.0,1.0,36.0,0.0,3.82,Chile,Female,Undergraduate,2023/03/01,0
179,32.4,300000.0,2.0,17.1,0.0,4.22,Colombia,Male,Undergraduate,21-02-2023,0
180,62.2,,4.0,21.4,0.0,2.59,Chile,Male,Undergraduate,2023/10/11,0
181,41.3,300000.0,3.0,30.2,2.0,4.19,Chile,Male,Secondary,15-11-2022,0
182,26.4,300000.0,4.0,25.7,1.0,3.11,Argentina,Female,Technical,19-01-2024,0
183,24.3,300000.0,2.0,26.4,2.0,2.78,Peru,,Technical,06-08-2021,1
184,39.8,300000.0,2.0,17.3,2.0,3.25,Colombia,Non-Binary,Undergraduate,12-05-2022,0
185,32.8,300000.0,3.0,24.4,1.0,4.93,USA,Male,Secondary,08-10-2022,0
186,42.1,300000.0,1.0,,0.0,3.37,Chile,Male,Technical,17-07-2021,0
187,39.7,300000.0,2.0,,0.0,5.0,Chile,Female,Undergraduate,2022/11/09,0
188,34.3,300000.0,4.0,19.4,3.0,1.84,Spain,Female,Secondary,2023/04/30,0
189,26.5,300000.0,6.0,10.5,0.0,2.31,Chile,Female,Primary,2021/12/08,0
190,19.9,300000.0,4.0,29.3,2.0,4.89,Peru,Female,Technical,23-01-2024,0
191,30.5,300000.0,1.0,34.8,1.0,5.0,Peru,Male,Secondary,2022/08/09,0
192,43.6,300000.0,4.0,23.5,1.0,2.92,Chile,Female,Undergraduate,2021/03/10,0
193,37.1,,4.0,17.0,0.0,3.76,Chile,Female,Graduate,29-01-2022,0
194,22.5,300000.0,1.0,17.2,2.0,4.34,Colombia,Female,Technical,2024/03/22,0
195,36.7,300000.0,5.0,22.6,,3.49,Mexico,Male,Technical,09-06-2021,0
196,38.9,300000.0,2.0,22.6,,3.83,Argentina,Male,Undergraduate,2022/09/18,0
197,26.2,300000.0,1.0,32.3,,3.71,Chile,Male,Secondary,06-12-2022,0
198,36.5,300000.0,4.0,19.6,1.0,2.37,Chile,Female,Secondary,04-07-2021,0
199,35.6,300000.0,3.0,28.5,1.0,3.39,Chile,,Graduate,2023/05/04,0
200,23.6,300000.0,3.0,22.6,1.0,3.71,Chile,Male,Undergraduate,09-05-2022,0
201,38.6,300000.0,6.0,19.0,0.0,3.79,Chile,Male,Primary,22-05-2022,0
202,40.6,300000.0,,22.4,0.0,2.14,Spain,Female,Secondary,2022/07/02,0
203,45.8,300000.0,9.0,27.7,2.0,4.38,Mexico,Male,Undergraduate,2021/01/20,0
204,45.5,300000.0,,32.3,3.0,3.82,Peru,Female,Undergraduate,2021/06/07,0
205,21.2,300000.0,2.0,23.0,1.0,2.75,Chile,Male,Undergraduate,17-12-2023,1
206,25.6,300000.0,3.0,15.4,0.0,5.0,Chile,Male,Secondary,25-09-2023,0
207,40.2,300000.0,2.0,,2.0,3.39,Spain,Female,Graduate,2022/10/13,1
208,40.1,300000.0,5.0,,0.0,3.45,Chile,Male,Technical,14-01-2022,1
209,40.2,300000.0,4.0,27.1,2.0,,Chile,Male,Undergraduate,18-02-2024,0
210,73.5,300000.0,3.0,24.8,1.0,5.0,Chile,Male,Technical,2021/09/16,1
211,40.7,300000.0,5.0,23.7,0.0,4.31,USA,Female,Secondary,01-03-2021,0
212,46.4,300000.0,3.0,21.1,,4.44,USA,Female,Graduate,06-03-2024,0
213,44.5,300000.0,,,0.0,,Chile,Male,Secondary,19-07-2021,0
214,41.5,300000.0,3.0,3.0,1.0,3.78,USA,Male,Secondary,21-08-2022,0
215,31.8,300000.0,7.0,34.1,0.0,3.22,Chile,Non-Binary,Undergraduate,24-12-2023,0
216,42.6,300000.0,3.0,17.7,2.0,4.33,Chile,Female,Technical,14-04-2021,0
217,27.3,556765.2916280779,2.0,28.3,1.0,4.42,Mexico,Male,Undergraduate,24-07-2021,0
218,32.6,,5.0,27.8,,5.0,USA,Female,Technical,2021/06/03,0
219,30.1,300000.0,2.0,35.2,2.0,1.76,Argentina,Female,Secondary,2022/12/31,1
220,35.8,300000.0,4.0,26.6,0.0,3.13,,Female,Graduate,22-11-2022,0
221,58.1,300000.0,1.0,18.4,1.0,4.87,Mexico,Male,Primary,2023/11/09,1
222,18.0,,3.0,12.2,0.0,2.44,Mexico,,Undergraduate,06-12-2021,0
223,41.9,300000.0,8.0,22.2,,4.43,,Male,Secondary,03-06-2022,0
224,18.9,300000.0,3.0,9.3,1.0,4.72,,Female,Undergraduate,28-06-2021,1
225,30.3,300000.0,5.0,,0.0,3.67,Spain,Female,Secondary,2024/04/11,0
226,45.9,300000.0,6.0,,2.0,2.42,Spain,Male,Technical,2022/07/25,0
227,35.6,300000.0,5.0,19.5,0.0,3.59,Chile,Female,Undergraduate,2022/06/03,0
228,24.2,300000.0,4.0,25.3,1.0,5.0,Mexico,Female,Technical,25-02-2024,0
229,27.8,300000.0,3.0,23.1,0.0,5.0,Chile,Non-Binary,Undergraduate,22-04-2021,0
230,41.8,300000.0,4.0,22.4,1.0,3.89,Chile,Female,Undergraduate,2022/11/12,1
231,27.7,300000.0,0.0,5.6,0.0,2.82,Argentina,Non-Binary,Undergraduate,25-03-2023,1
232,37.2,300000.0,8.0,14.6,0.0,5.0,Chile,Male,Graduate,2023/12/08,0
233,35.5,300000.0,2.0,30.1,0.0,4.44,Chile,Female,Technical,2023/06/15,0
234,28.5,300000.0,4.0,31.4,0.0,2.88,USA,,Secondary,2023/06/02,1
235,56.4,300000.0,0.0,10.3,1.0,4.01,Chile,Male,Primary,2022/11/15,0
236,41.3,300000.0,,,,,Chile,Male,Secondary,2021/11/24,0
237,18.0,300000.0,7.0,33.6,0.0,3.13,USA,Non-Binary,Secondary,2021/12/08,0
238,36.9,300000.0,4.0,19.3,2.0,4.01,Chile,Male,Technical,2024/04/05,0
239,28.4,300000.0,,24.1,1.0,4.7,Chile,Female,Secondary,28-09-2021,0
240,43.5,,1.0,36.5,0.0,3.43,Chile,Male,Primary,2023/05/22,1
241,27.1,300000.0,5.0,22.1,0.0,,Chile,Male,Primary,25-12-2021,0
242,33.9,300000.0,1.0,21.0,0.0,2.12,Peru,Male,Undergraduate,14-11-2022,0
243,40.0,300000.0,2.0,23.7,0.0,5.0,Mexico,Male,Technical,15-07-2023,0
244,43.7,300000.0,1.0,39.8,1.0,3.75,Chile,,Secondary,12-01-2021,0
245,23.0,300000.0,4.0,28.6,,4.67,Mexico,Female,Undergraduate,2021/02/10,0
246,31.7,300000.0,,25.2,0.0,3.9,Chile,Male,Primary,2024/03/21,0
247,30.3,300000.0,1.0,,0.0,2.96,Chile,Male,Graduate,24-12-2021,0
248,28.5,,3.0,29.3,1.0,3.67,Peru,Male,Technical,13-08-2022,0
249,52.7,300000.0,2.0,30.3,1.0,1.98,Colombia,Male,Secondary,2022/04/17,1
250,39.0,300000.0,2.0,16.4,0.0,4.32,Argentina,Female,Undergraduate,2021/12/21,0
251,22.4,300000.0,1.0,30.5,0.0,3.87,Chile,Male,Undergraduate,2021/05/12,0
252,44.2,300000.0,3.0,23.8,0.0,,Chile,Male,Secondary,30-12-2021,0
253,56.2,,2.0,25.2,0.0,4.38,Chile,Female,Undergraduate,2022/06/18,0
254,45.3,300000.0,3.0,17.9,0.0,3.73,,Male,Secondary,20-05-2022,0
255,19.8,300000.0,3.0,21.8,1.0,4.25,Peru,Male,Secondary,29-03-2024,0
256,30.2,300000.0,5.0,16.8,1.0,4.57,Chile,Male,Secondary,01-03-2021,1
257,47.7,300000.0,6.0,16.4,1.0,3.21,Colombia,Female,Secondary,05-06-2021,0
258,27.9,300000.0,3.0,28.0,0.0,,Chile,Female,Secondary,25-05-2022,0
259,39.4,300000.0,5.0,22.2,0.0,2.15,Chile,Female,Graduate,2023/05/27,0
260,42.7,300000.0,2.0,14.6,2.0,3.81,Chile,Male,Primary,14-08-2021,0
261,25.7,300000.0,2.0,42.4,0.0,4.11,Chile,Male,Secondary,04-04-2022,0
262,34.4,300000.0,4.0,16.0,1.0,2.51,USA,Female,Technical,31-03-2021,0
263,18.0,300000.0,3.0,,1.0,4.98,,Female,Undergraduate,15-01-2023,0
264,24.8,300000.0,2.0,13.2,0.0,2.96,Chile,Non-Binary,Graduate,2022/06/18,0
265,32.5,300000.0,1.0,28.7,1.0,1.81,,,Undergraduate,15-02-2022,1
266,22.5,300000.0,5.0,23.0,0.0,5.0,Argentina,Male,Graduate,2021/10/24,0
267,51.3,300000.0,3.0,20.0,1.0,1.92,Chile,Female,Undergraduate,03-03-2022,0
268,20.7,300000.0,4.0,26.6,1.0,4.57,Chile,Female,Graduate,2021/12/12,0
269,30.6,300000.0,1.0,25.5,1.0,4.35,Colombia,Female,Undergraduate,2023/02/23,0
270,36.3,300000.0,3.0,18.5,2.0,3.99,Spain,Female,Primary,2022/12/19,0
271,49.4,300000.0,4.0,,2.0,3.23,USA,Female,Secondary,2023/09/21,0
272,20.6,300000.0,2.0,12.4,0.0,4.15,Chile,Female,Technical,2023/08/24,0
273,46.6,300000.0,2.0,27.4,,4.64,Spain,Female,Secondary,24-11-2022,0
274,35.1,300000.0,2.0,15.0,1.0,2.81,Chile,Non-Binary,Secondary,2023/12/03,0
275,25.2,300000.0,4.0,25.0,2.0,4.58,Chile,Female,Technical,2022/01/15,0
276,39.6,569974.2953275596,5.0,29.7,2.0,4.54,Mexico,Male,Graduate,2023/09/28,1
277,37.0,300000.0,,26.7,1.0,3.96,Chile,Male,Primary,22-06-2022,0
278,29.0,,2.0,19.2,,3.22,Chile,Female,Undergraduate,20-07-2023,0
279,35.7,300000.0,4.0,32.3,3.0,4.54,Chile,Male,Undergraduate,2021/01/30,0
280,31.1,300000.0,0.0,21.7,0.0,4.16,Chile,Female,Graduate,21-04-2021,0
281,36.1,300000.0,3.0,14.3,1.0,2.79,Colombia,Male,Graduate,05-09-2021,0
282,41.6,300000.0,0.0,22.7,1.0,3.37,Peru,Male,Undergraduate,09-10-2023,1
283,50.9,300000.0,,29.7,1.0,4.44,Chile,Female,Technical,2023/06/29,0
284,22.6,300000.0,2.0,19.6,1.0,3.8,Chile,Male,Secondary,2024/03/18,0
285,56.3,300000.0,1.0,32.0,0.0,,USA,Male,Technical,01-04-2023,0
286,18.0,300000.0,4.0,18.8,0.0,3.39,Mexico,Male,Undergraduate,24-10-2022,0
287,33.5,,5.0,19.9,,,Chile,Female,Undergraduate,01-03-2023,0
288,40.9,300000.0,1.0,16.6,1.0,5.0,Spain,Male,Undergraduate,10-11-2021,0
289,37.8,300000.0,4.0,30.5,1.0,2.19,Colombia,Female,Secondary,2021/01/15,0
290,28.8,300000.0,0.0,24.6,0.0,3.25,,Male,Technical,2024/01/05,0
291,32.9,300000.0,6.0,17.2,0.0,,Chile,Female,Secondary,05-08-2022,0
292,30.1,300000.0,5.0,,0.0,4.59,Chile,Male,Primary,2024/01/04,1
293,29.1,300000.0,,3.0,0.0,4.28,,Male,Secondary,2023/07/08,0
294,43.5,300000.0,5.0,31.2,2.0,5.0,Chile,Male,Secondary,09-06-2022,0
295,38.6,300000.0,1.0,23.6,2.0,3.59,Chile,Male,Undergraduate,24-02-2024,0
296,28.1,300000.0,4.0,5.8,0.0,2.91,Chile,Female,Secondary,2023/11/28,0
297,44.0,300000.0,2.0,13.3,0.0,3.5,USA,Male,Secondary,05-05-2022,0
298,38.1,300000.0,1.0,21.6,2.0,3.41,Chile,Male,Graduate,2021/08/02,0
299,43.1,300000.0,3.0,14.5,0.0,,USA,Female,Secondary,07-11-2022,0
300,41.3,300000.0,3.0,,0.0,2.82,USA,Male,Primary,2022/08/09,0
301,26.7,300000.0,6.0,28.3,2.0,4.41,Chile,Male,Secondary,2022/01/29,0
302,29.4,300000.0,,27.9,1.0,4.03,Chile,Female,Secondary,2022/02/23,0
303,42.5,300000.0,3.0,4.2,2.0,2.56,Chile,Female,Secondary,2023/06/17,0
304,41.1,300000.0,5.0,20.8,1.0,4.57,USA,Male,Primary,2023/07/02,0
305,34.8,300000.0,1.0,19.4,0.0,2.97,Chile,Male,Technical,2023/08/28,0
306,36.2,300000.0,3.0,17.4,0.0,2.64,Chile,Non-Binary,Secondary,30-08-2023,0
307,47.8,300000.0,4.0,82.77747328918808,0.0,3.78,,,Secondary,27-05-2021,0
308,29.1,300000.0,,16.0,0.0,2.12,Chile,Non-Binary,Undergraduate,2021/11/03,0
309,40.5,300000.0,3.0,26.7,0.0,4.23,USA,Male,Secondary,2023/11/10,0
310,33.0,300000.0,7.0,31.1,1.0,1.15,Peru,Female,Graduate,02-11-2022,0
311,32.8,300000.0,1.0,30.4,,2.77,,Male,Technical,12-04-2023,0
312,46.0,300000.0,3.0,82.77747328918808,0.0,5.0,Chile,Female,Secondary,2022/02/11,0
313,43.3,300000.0,3.0,41.0,1.0,3.08,Chile,Male,Undergraduate,26-09-2023,0
314,43.1,,,34.1,0.0,3.24,Spain,Female,Primary,14-02-2024,0
315,48.1,300000.0,1.0,,3.0,4.85,Chile,Male,Secondary,2021/06/05,0
316,35.2,300000.0,2.0,21.1,0.0,2.99,USA,,Undergraduate,2021/11/10,0
317,41.8,300000.0,2.0,35.7,1.0,4.39,Chile,Female,Technical,27-12-2023,0
318,31.9,300000.0,6.0,33.1,0.0,4.76,Chile,Female,Undergraduate,18-03-2022,0
319,38.2,300000.0,1.0,13.7,0.0,4.13,Peru,,Graduate,28-01-2021,0
320,33.7,300000.0,3.0,33.7,1.0,2.4,Spain,Male,Secondary,01-06-2023,0
321,36.0,300000.0,3.0,23.8,2.0,3.16,Spain,Female,Technical,2022/01/24,0
322,41.0,,4.0,18.1,2.0,5.0,Chile,Male,Technical,2021/09/09,0
323,26.8,300000.0,2.0,9.2,0.0,3.26,Chile,Non-Binary,Graduate,09-01-2024,0
324,55.9,300000.0,3.0,22.8,1.0,5.0,Argentina,Female,Undergraduate,12-01-2024,0
325,24.9,300000.0,4.0,24.9,2.0,5.0,Peru,Male,Graduate,06-12-2022,0
326,22.9,300000.0,2.0,37.7,2.0,4.17,Colombia,Female,Secondary,2022/08/20,0
327,46.6,300000.0,3.0,32.7,0.0,3.97,Chile,Female,Undergraduate,01-02-2022,0
328,42.9,300000.0,2.0,20.3,2.0,3.28,Spain,Male,Secondary,2022/07/29,0
329,41.2,300000.0,4.0,28.1,1.0,3.62,Peru,Female,Secondary,2021/09/23,0
330,41.3,300000.0,1.0,31.6,1.0,3.08,Mexico,Male,Graduate,2022/03/09,0
331,34.9,300000.0,3.0,25.7,1.0,3.64,Chile,Female,Primary,2023/11/03,0
332,26.0,,5.0,20.3,2.0,2.47,Chile,Male,Graduate,13-01-2021,0
333,35.8,300000.0,2.0,20.7,0.0,2.43,,Male,Secondary,2021/07/17,0
334,28.2,300000.0,4.0,28.1,0.0,4.87,Argentina,Male,Undergraduate,04-06-2021,0
335,44.8,300000.0,2.0,28.3,1.0,2.25,USA,Female,Secondary,2022/02/16,0
336,33.5,300000.0,1.0,22.7,0.0,4.5,Spain,Female,Secondary,22-09-2021,0
337,26.7,300000.0,3.0,4.0,1.0,2.0,Peru,Non-Binary,Secondary,2023/01/07,0
338,31.8,300000.0,4.0,14.7,0.0,4.27,Chile,Male,Technical,07-04-2021,0
339,39.1,300000.0,7.0,,1.0,3.51,Chile,,Secondary,2023/04/11,0
340,29.4,300000.0,4.0,8.0,1.0,4.89,Chile,Female,Undergraduate,17-01-2021,0
341,26.8,300000.0,6.0,34.5,2.0,3.4,Chile,Female,Primary,2024/01/23,1
342,37.4,300000.0,4.0,33.3,0.0,1.89,Chile,Male,Primary,25-04-2023,0
343,37.4,300000.0,1.0,25.3,0.0,,Chile,Male,Secondary,27-03-2024,0
344,29.9,300000.0,1.0,29.8,0.0,3.84,Chile,Female,Secondary,2023/09/22,1
345,30.3,300000.0,7.0,29.2,1.0,3.58,Chile,Male,Undergraduate,2022/09/24,0
346,37.3,300000.0,4.0,24.1,0.0,4.22,,Female,Undergraduate,06-02-2021,0
347,20.5,300000.0,3.0,14.0,0.0,3.19,Chile,Female,Secondary,2021/05/15,0
348,20.9,300000.0,3.0,32.7,0.0,2.56,Chile,Female,Technical,2024/01/14,0
349,27.8,300000.0,3.0,36.3,1.0,2.8,Peru,Female,Undergraduate,2022/03/04,0
350,32.9,300000.0,3.0,15.3,1.0,3.24,Chile,Male,Secondary,22-12-2023,0
351,38.1,300000.0,1.0,,2.0,3.23,Chile,Female,Secondary,08-11-2021,0
352,49.8,,,23.9,2.0,5.0,Peru,Female,Technical,2022/07/07,0
353,43.6,681289.0827272224,3.0,20.0,1.0,4.83,Mexico,Male,Secondary,10-02-2024,0
354,33.4,300000.0,0.0,26.2,1.0,4.32,Chile,Female,Primary,2021/01/29,0
355,34.8,300000.0,3.0,34.7,3.0,4.1,Peru,Male,Secondary,02-02-2022,0
356,25.0,300000.0,3.0,7.0,1.0,3.97,Spain,Female,Technical,16-09-2022,0
357,34.8,300000.0,0.0,37.7,2.0,3.97,Mexico,Male,Primary,2021/06/05,1
358,32.1,300000.0,2.0,21.7,2.0,3.85,Chile,Female,Secondary,2021/11/02,0
359,38.2,300000.0,,29.1,1.0,3.74,Peru,Male,Secondary,2021/06/28,1
360,26.7,300000.0,2.0,29.9,0.0,1.82,Chile,Male,Primary,23-02-2021,0
361,40.2,300000.0,4.0,30.9,0.0,3.37,Argentina,Non-Binary,Secondary,25-09-2022,0
362,50.3,300000.0,,25.5,1.0,3.48,Spain,Female,Graduate,02-08-2021,0
363,33.9,300000.0,1.0,27.4,0.0,3.03,Chile,,Primary,05-04-2022,0
364,39.0,300000.0,,27.3,1.0,,USA,Male,Undergraduate,2023/07/21,0
365,41.9,300000.0,3.0,20.0,1.0,3.97,Chile,Male,Secondary,2023/01/31,0
366,31.0,300000.0,2.0,10.9,0.0,4.39,Spain,Female,Undergraduate,16-12-2022,0
367,37.2,300000.0,2.0,15.2,1.0,3.97,Argentina,Female,Technical,2023/10/13,0
368,35.1,621599.3048371292,3.0,24.2,1.0,4.37,Chile,Female,Secondary,14-11-2022,0
369,36.0,300000.0,2.0,18.7,1.0,4.38,Argentina,Female,Undergraduate,2023/05/12,0
370,27.3,300000.0,3.0,18.7,0.0,3.43,Chile,Female,Technical,01-03-2023,0
371,35.2,300000.0,2.0,39.4,0.0,4.17,Chile,Male,Undergraduate,2024/02/15,0
372,40.0,300000.0,1.0,31.9,0.0,2.13,Mexico,Male,Secondary,22-11-2022,1
373,49.5,300000.0,0.0,,,3.35,Chile,Female,Graduate,28-08-2023,0
374,44.6,300000.0,3.0,30.4,,3.25,Mexico,Female,Undergraduate,21-05-2023,0
375,56.5,300000.0,4.0,21.6,1.0,5.0,Chile,Female,Graduate,24-06-2021,1
376,27.3,300000.0,4.0,25.9,0.0,4.0,,Female,Technical,03-04-2021,0
377,43.7,300000.0,3.0,28.5,0.0,2.5,Spain,Female,Technical,06-05-2023,0
378,36.8,300000.0,3.0,21.7,1.0,4.24,Chile,Female,Undergraduate,18-12-2023,0
379,56.9,300000.0,6.0,,2.0,4.52,Argentina,Male,Undergraduate,2024/02/17,0
380,26.9,300000.0,4.0,34.8,1.0,3.62,Argentina,Male,Graduate,25-03-2022,0
381,26.6,300000.0,4.0,29.9,1.0,,Argentina,Non-Binary,Secondary,2021/10/05,0
382,29.0,300000.0,5.0,7.0,0.0,1.45,USA,Female,Undergraduate,17-12-2021,0
383,18.0,300000.0,1.0,19.7,0.0,1.27,Peru,Male,Secondary,2022/05/25,0
384,29.7,300000.0,4.0,18.7,1.0,2.64,Chile,Male,Technical,2023/11/07,0
385,27.4,300000.0,2.0,20.0,0.0,3.83,USA,Male,Secondary,16-05-2022,0
386,36.5,300000.0,,31.9,1.0,5.0,Chile,Male,Secondary,2021/09/08,0
387,38.4,300000.0,5.0,25.2,1.0,2.69,Chile,,Graduate,01-10-2021,0
388,53.8,300000.0,,13.9,2.0,2.93,Spain,Male,Secondary,2023/06/19,0
389,44.5,300000.0,4.0,21.9,1.0,3.78,Peru,Female,Technical,2021/07/27,0
390,29.2,,1.0,29.3,1.0,3.26,Mexico,Male,Technical,03-09-2021,1
391,26.0,300000.0,2.0,23.2,1.0,3.21,Peru,Female,Secondary,11-07-2023,0
392,39.9,300000.0,4.0,19.8,1.0,3.32,,Male,Secondary,03-09-2023,0
393,21.8,300000.0,1.0,27.6,2.0,4.88,,Female,Technical,06-05-2022,0
394,53.3,300000.0,1.0,37.9,,4.7,Chile,Female,Secondary,2021/09/10,0
395,46.8,300000.0,0.0,28.7,0.0,3.72,Chile,Female,Undergraduate,05-11-2023,0
396,30.3,,,35.4,1.0,5.0,Chile,Male,Graduate,08-06-2021,0
397,18.0,300000.0,3.0,20.4,0.0,4.16,,Male,Secondary,06-08-2021,0
398,48.5,300000.0,4.0,24.9,0.0,4.74,Chile,Male,Secondary,09-01-2022,0
399,33.9,300000.0,2.0,24.8,0.0,2.93,Chile,Male,Technical,09-08-2023,1
400,47.4,300000.0,3.0,25.9,0.0,3.11,Chile,Female,Undergraduate,2021/04/03,0
401,19.1,300000.0,6.0,28.5,0.0,3.1,Spain,,Secondary,22-12-2023,0
402,29.0,300000.0,2.0,17.6,2.0,3.62,Peru,,Primary,2022/03/29,0
403,35.1,300000.0,,30.2,1.0,3.75,,Female,Technical,19-09-2022,0
404,35.5,300000.0,2.0,,1.0,3.99,,,Graduate,07-11-2021,0
405,30.5,300000.0,4.0,14.3,0.0,5.0,Chile,Male,Secondary,2021/05/19,0
406,41.2,300000.0,,42.1,4.0,,,Male,Secondary,30-06-2023,1
407,24.3,300000.0,4.0,20.9,1.0,3.24,Chile,Female,Graduate,22-09-2023,0
408,33.6,300000.0,3.0,30.8,,3.7,USA,,Undergraduate,2021/02/23,1
409,36.2,300000.0,3.0,38.6,,5.0,Spain,Male,Undergraduate,03-02-2023,0
410,40.1,300000.0,5.0,6.5,1.0,4.4,Chile,Male,Technical,28-11-2022,0
411,42.1,300000.0,3.0,34.0,0.0,5.0,Chile,Female,Graduate,2023/11/21,0
412,23.8,300000.0,1.0,30.2,3.0,,Chile,Female,Undergraduate,2022/11/25,1
413,19.7,300000.0,1.0,38.1,0.0,3.06,Chile,Female,Undergraduate,04-03-2023,0
414,47.8,300000.0,3.0,15.5,0.0,3.07,Chile,,Undergraduate,13-12-2021,0
415,38.3,300000.0,5.0,36.6,0.0,3.34,Chile,Male,Undergraduate,23-02-2022,0
416,27.5,,4.0,19.1,0.0,2.74,Chile,Non-Binary,Secondary,20-10-2021,0
417,50.5,300000.0,,33.4,1.0,3.97,Colombia,Female,Secondary,2024/01/22,0
418,36.2,300000.0,7.0,24.7,1.0,3.98,Colombia,Male,Undergraduate,2023/05/07,0
419,46.8,300000.0,0.0,31.2,2.0,4.9,Peru,Female,Secondary,2022/03/13,0
420,35.7,300000.0,4.0,25.4,0.0,2.12,Chile,Female,Technical,07-02-2021,0
421,55.6,300000.0,2.0,10.3,2.0,2.85,,Male,Secondary,02-09-2022,0
422,52.6,300000.0,3.0,3.0,0.0,4.43,Spain,Male,Undergraduate,2022/03/23,0
423,32.5,,1.0,26.7,,3.87,Chile,Male,Secondary,19-09-2023,0
424,44.7,300000.0,3.0,22.9,2.0,3.74,Chile,Male,Undergraduate,2022/02/23,0
425,41.5,300000.0,1.0,,1.0,,Chile,Female,Technical,2022/06/19,0
426,48.7,300000.0,3.0,23.0,0.0,,Chile,Male,Secondary,2021/11/13,0
427,25.4,300000.0,6.0,,,3.04,Chile,Female,Technical,14-08-2023,0
428,41.9,300000.0,3.0,26.8,0.0,2.94,Argentina,Non-Binary,Secondary,12-11-2022,0
429,45.6,300000.0,2.0,21.4,1.0,1.89,Chile,Male,Secondary,2022/03/20,0
430,18.0,300000.0,1.0,,0.0,3.82,Chile,Male,Secondary,2022/12/12,0
431,23.2,300000.0,4.0,21.6,2.0,3.23,Chile,,Primary,2022/11/01,0
432,18.0,300000.0,4.0,25.7,1.0,3.04,Spain,Female,Graduate,07-01-2022,0
433,32.3,300000.0,3.0,15.3,,,Chile,Female,Primary,2023/07/19,0
434,42.2,300000.0,1.0,24.9,1.0,3.68,Peru,Male,Undergraduate,2021/04/30,0
435,50.0,,4.0,21.2,0.0,2.98,Chile,Male,Secondary,02-07-2021,0
436,35.7,300000.0,2.0,16.0,1.0,3.9,Chile,Female,Technical,2024/03/25,0
437,51.3,300000.0,4.0,40.8,2.0,,Argentina,,Secondary,2023/08/01,0
438,21.2,300000.0,1.0,16.3,2.0,3.43,Chile,Male,Undergraduate,24-01-2022,1
439,18.0,300000.0,5.0,25.1,1.0,3.37,Chile,Female,Undergraduate,09-11-2021,0
440,34.4,,3.0,18.6,0.0,3.87,Chile,Male,Undergraduate,2022/09/01,0
441,38.8,,1.0,27.4,0.0,3.67,Argentina,Non-Binary,Secondary,16-12-2021,0
442,34.7,300000.0,2.0,14.8,0.0,4.9,Colombia,Female,Undergraduate,2021/06/12,0
443,18.0,300000.0,1.0,31.7,1.0,3.99,Chile,Male,Secondary,20-12-2022,0
444,34.1,300000.0,5.0,41.3,1.0,,Peru,Female,Primary,22-12-2023,0
445,22.0,300000.0,1.0,18.3,0.0,4.25,Chile,Male,Secondary,2022/02/14,0
446,41.7,300000.0,3.0,34.7,1.0,2.51,Argentina,Male,Technical,2022/09/13,1
447,38.7,300000.0,,21.9,2.0,3.2,Chile,Male,Technical,15-03-2023,0
448,25.6,300000.0,3.0,82.77747328918808,0.0,3.66,Peru,Male,Undergraduate,2022/09/22,0
449,29.9,300000.0,2.0,42.5,3.0,4.48,Spain,Male,Secondary,02-09-2022,0
450,24.4,300000.0,5.0,23.1,,5.0,USA,Female,Secondary,03-07-2021,0
451,34.4,300000.0,4.0,12.8,0.0,3.26,Chile,Female,Primary,01-04-2022,0
452,44.6,300000.0,5.0,32.6,,3.75,USA,Male,Undergraduate,20-01-2023,0
453,25.1,300000.0,2.0,26.8,0.0,4.42,Chile,Female,Technical,2021/11/04,0
454,40.0,300000.0,3.0,29.0,0.0,3.65,Spain,Female,Secondary,2022/12/15,0
455,29.7,300000.0,2.0,22.3,0.0,5.0,Chile,Non-Binary,Undergraduate,2021/11/10,0
456,27.1,300000.0,1.0,17.9,0.0,,Chile,Female,Technical,2023/01/28,0
457,33.9,300000.0,3.0,34.3,1.0,4.31,,Male,Technical,26-05-2023,0
458,24.6,300000.0,1.0,27.6,1.0,4.3,Chile,Male,Technical,2021/08/09,0
459,29.5,300000.0,7.0,13.5,0.0,4.74,Colombia,Female,Technical,2022/05/05,0
460,23.0,300000.0,6.0,30.5,0.0,,USA,Male,Undergraduate,2024/01/03,0
461,54.6,300000.0,3.0,28.9,0.0,,Argentina,Male,Secondary,2021/05/20,0
462,35.4,300000.0,,22.4,2.0,3.48,,Male,Secondary,2022/06/03,0
463,28.0,300000.0,1.0,,1.0,2.98,Colombia,Male,Secondary,06-08-2021,1
464,37.1,300000.0,1.0,,2.0,2.85,Chile,Male,Technical,2023/09/22,0
465,33.9,300000.0,2.0,,2.0,2.4,Chile,Female,Undergraduate,2023/09/21,1
466,32.8,300000.0,3.0,31.1,0.0,3.3,Chile,Male,Secondary,2022/12/25,0
467,41.1,300000.0,3.0,25.6,2.0,3.98,Chile,Female,Secondary,17-09-2021,0
468,42.6,,1.0,82.77747328918808,1.0,,Chile,Female,Undergraduate,2021/02/14,0
469,29.7,300000.0,4.0,26.5,1.0,3.88,,Male,Undergraduate,2023/12/10,1
470,29.2,300000.0,1.0,21.7,0.0,,Chile,Male,Undergraduate,28-09-2022,0
471,32.2,,3.0,31.9,2.0,3.23,Chile,Male,Technical,2023/09/21,0
472,18.0,300000.0,3.0,26.2,1.0,5.0,USA,Male,Undergraduate,22-02-2021,0
473,19.8,300000.0,,25.8,1.0,4.38,Chile,Male,Primary,08-11-2021,0
474,48.7,300000.0,2.0,16.6,2.0,3.52,,,Secondary,28-08-2021,1
475,51.4,300000.0,4.0,,2.0,3.5,Argentina,Female,Secondary,2021/09/09,0
476,32.5,300000.0,2.0,32.8,0.0,2.79,Chile,Female,Undergraduate,06-02-2023,0
477,40.8,300000.0,0.0,18.8,,3.68,Chile,,Primary,26-04-2023,0
478,38.1,300000.0,4.0,24.7,0.0,1.75,Chile,Male,Technical,14-06-2021,0
479,65.8,300000.0,0.0,17.5,0.0,4.83,Chile,Female,Technical,29-10-2023,0
480,46.2,300000.0,2.0,15.5,1.0,1.17,Chile,Female,Secondary,12-08-2021,1
481,33.7,300000.0,5.0,24.3,1.0,3.74,Chile,Female,Undergraduate,24-07-2023,0
482,25.4,300000.0,1.0,26.4,0.0,2.67,Argentina,Female,Secondary,2022/05/29,0
483,18.9,300000.0,5.0,41.0,1.0,3.07,Peru,Male,Secondary,2023/02/07,0
484,37.0,300000.0,4.0,21.4,1.0,3.19,Chile,Male,Undergraduate,30-06-2023,0
485,27.4,300000.0,4.0,24.6,2.0,5.0,Chile,Female,Primary,11-08-2022,0
486,20.8,300000.0,3.0,15.0,0.0,2.71,,Male,Undergraduate,2023/11/27,0
487,28.5,300000.0,6.0,29.9,0.0,4.52,Mexico,Non-Binary,Undergraduate,26-09-2022,0
488,24.2,300000.0,2.0,28.2,0.0,4.74,,Female,Graduate,2022/06/11,0
489,51.9,,4.0,36.9,2.0,1.6,Colombia,Female,Undergraduate,2021/10/09,1
490,43.8,300000.0,2.0,33.9,1.0,3.15,Colombia,Male,Secondary,14-05-2022,0
491,34.9,300000.0,5.0,27.8,,5.0,Chile,,Technical,14-04-2023,0
492,49.8,300000.0,,21.2,0.0,2.52,Chile,Female,Primary,2023/08/16,0
493,35.8,300000.0,,82.77747328918808,0.0,4.78,Chile,Male,Secondary,22-07-2023,0
494,26.4,300000.0,3.0,24.1,1.0,3.68,Chile,,Secondary,04-05-2023,1
495,50.2,300000.0,1.0,32.6,0.0,3.65,Chile,Female,Secondary,03-12-2023,0
496,40.4,300000.0,3.0,31.6,0.0,3.76,Chile,Female,Undergraduate,2023/12/11,0
497,24.6,300000.0,6.0,22.6,1.0,4.01,Chile,Male,Secondary,2024/03/31,0
498,33.1,300000.0,3.0,13.3,0.0,2.84,,Male,Technical,13-01-2024,0
499,26.2,300000.0,1.0,,0.0,3.47,Mexico,Female,Technical,2021/02/15,1
500,21.2,300000.0,3.0,29.7,0.0,4.03,Chile,Female,Technical,03-09-2021,0
501,44.3,300000.0,3.0,22.4,1.0,,,Female,Graduate,2023/11/10,0
502,54.1,300000.0,2.0,29.3,,4.01,Spain,Female,Secondary,09-05-2021,0
503,21.0,300000.0,3.0,25.6,1.0,3.05,Spain,Male,Technical,2021/05/31,1
504,40.6,300000.0,0.0,35.5,0.0,4.27,Mexico,Female,Secondary,2022/11/22,0
505,28.5,300000.0,8.0,9.6,1.0,3.81,Chile,Male,Primary,07-04-2022,0
506,30.1,300000.0,1.0,21.8,,2.28,Chile,Female,Technical,10-01-2022,0
507,29.1,300000.0,1.0,37.8,,3.22,Argentina,Female,Undergraduate,05-02-2023,0
508,26.4,300000.0,3.0,29.5,1.0,2.89,Argentina,Male,Secondary,11-09-2021,0
509,35.5,300000.0,2.0,,1.0,2.88,Mexico,Male,Primary,19-07-2023,0
510,26.7,300000.0,2.0,15.2,0.0,3.27,Spain,Female,Secondary,2023/12/12,0
511,37.7,300000.0,,33.6,0.0,4.25,Chile,Male,Undergraduate,2023/02/11,1
512,34.5,300000.0,4.0,33.1,2.0,3.14,Chile,Male,Undergraduate,17-01-2022,0
513,32.6,300000.0,,11.5,1.0,3.9,,Female,Technical,2021/08/02,0
514,25.9,300000.0,7.0,22.6,,3.76,Chile,Male,Technical,2022/06/10,0
515,29.2,556787.1956236073,3.0,24.1,0.0,3.0,Chile,Female,Undergraduate,2021/09/06,0
516,42.6,300000.0,3.0,12.0,0.0,3.39,,Male,Undergraduate,19-02-2024,0
517,40.0,300000.0,3.0,22.8,1.0,4.48,Mexico,Female,Undergraduate,06-04-2023,0
518,25.2,300000.0,5.0,32.0,0.0,3.83,Chile,Male,Undergraduate,05-11-2021,0
519,36.0,300000.0,5.0,21.9,0.0,,USA,Male,Technical,01-02-2024,0
520,42.5,300000.0,4.0,26.9,1.0,4.85,Peru,Female,Technical,2022/12/09,0
521,18.3,300000.0,4.0,27.0,1.0,4.09,Mexico,Female,Undergraduate,2021/10/22,0
522,40.4,300000.0,2.0,24.9,1.0,1.97,Chile,Male,Graduate,10-06-2021,0
523,28.4,300000.0,6.0,19.4,,3.94,USA,Male,Primary,06-03-2022,0
524,40.7,698848.7629354463,3.0,30.3,0.0,3.14,Peru,Female,Primary,2023/05/07,0
525,27.4,300000.0,2.0,12.3,0.0,5.0,Chile,Female,Graduate,2021/02/26,0
526,18.0,300000.0,6.0,25.1,0.0,4.06,Chile,Non-Binary,Secondary,2022/07/25,0
527,18.7,300000.0,4.0,36.1,1.0,3.16,USA,,Undergraduate,11-05-2023,1
528,35.5,300000.0,3.0,,0.0,4.21,Chile,,Secondary,2023/06/09,0
529,37.6,300000.0,3.0,19.2,1.0,3.78,Chile,Male,Secondary,2022/10/31,1
530,26.0,300000.0,6.0,30.8,2.0,2.15,Chile,Female,Secondary,2022/07/26,1
531,41.4,300000.0,4.0,26.3,2.0,4.48,Peru,Female,Secondary,08-08-2021,0
532,18.4,300000.0,2.0,31.0,0.0,3.34,Mexico,Male,Secondary,02-01-2024,0
533,34.3,300000.0,1.0,,0.0,4.98,Chile,Male,Technical,29-03-2023,0
534,22.9,300000.0,3.0,5.9,0.0,3.59,Chile,Male,Undergraduate,2023/05/07,0
535,28.5,300000.0,4.0,34.4,1.0,5.0,Spain,Male,Graduate,2024/03/13,0
536,35.5,300000.0,5.0,41.6,1.0,4.08,Mexico,Male,Technical,2023/06/07,0
537,26.4,300000.0,6.0,35.3,2.0,4.58,USA,Female,Technical,2024/01/01,0
538,31.2,300000.0,2.0,,1.0,3.26,Chile,Female,Technical,08-03-2024,0
539,45.1,300000.0,4.0,28.6,,4.02,Chile,Female,Technical,07-12-2021,1
540,29.2,300000.0,4.0,21.3,2.0,2.15,,Male,Technical,08-02-2021,0
541,43.4,300000.0,,16.3,0.0,3.59,Colombia,Male,Primary,25-05-2023,0
542,23.7,300000.0,4.0,26.0,1.0,2.36,Chile,Female,Primary,2023/06/24,0
543,40.3,300000.0,5.0,23.8,0.0,2.67,Chile,Male,Secondary,2024/03/18,0
544,49.4,300000.0,2.0,29.1,2.0,2.9,Chile,Female,Secondary,31-08-2022,0
545,18.0,300000.0,5.0,25.5,0.0,4.29,Chile,Non-Binary,Undergraduate,2023/09/22,0
546,27.0,300000.0,4.0,16.0,,3.57,,Male,Secondary,2024/03/25,0
547,40.8,300000.0,5.0,20.4,0.0,3.73,Chile,Male,Undergraduate,29-08-2022,0
548,33.0,300000.0,2.0,19.1,0.0,3.54,Peru,Male,Graduate,11-06-2022,0
549,38.7,300000.0,2.0,11.3,1.0,4.67,USA,Non-Binary,Graduate,26-05-2023,0
550,29.0,300000.0,0.0,14.0,1.0,3.7,Chile,Female,Graduate,23-01-2021,0
551,35.9,300000.0,4.0,23.3,1.0,3.92,Peru,Female,Secondary,2024/02/11,0
552,33.4,300000.0,1.0,36.4,0.0,3.19,Spain,Male,Technical,17-10-2021,0
553,46.7,300000.0,,20.7,0.0,4.73,Spain,Non-Binary,Secondary,09-02-2024,0
554,37.5,300000.0,3.0,18.9,1.0,4.8,Chile,Male,Undergraduate,2022/01/03,0
555,38.4,300000.0,2.0,15.5,0.0,3.67,Chile,Male,Undergraduate,2023/12/02,0
556,30.9,,2.0,25.2,,3.17,Chile,Female,Undergraduate,30-04-2021,0
557,30.1,300000.0,1.0,34.4,0.0,2.25,Colombia,Female,Technical,2021/11/11,0
558,30.7,300000.0,3.0,41.0,1.0,2.92,Colombia,Male,Undergraduate,24-08-2023,0
559,38.9,300000.0,4.0,27.3,0.0,1.75,Peru,Male,Secondary,20-12-2023,0
560,30.8,300000.0,6.0,26.1,0.0,2.88,Chile,Male,Primary,2024/01/17,0
561,37.9,300000.0,3.0,20.7,,,Chile,Male,Undergraduate,21-04-2023,0
562,55.8,300000.0,2.0,22.0,0.0,3.65,Argentina,Male,Secondary,2021/09/06,0
563,43.7,300000.0,3.0,30.0,1.0,5.0,Chile,,Graduate,07-02-2021,0
564,31.7,300000.0,1.0,22.5,,3.37,Colombia,Female,Secondary,12-12-2022,0
565,47.0,300000.0,2.0,23.7,0.0,3.3,Chile,Female,Undergraduate,2023/05/26,0
566,30.9,,1.0,24.8,2.0,4.66,,Female,Technical,28-08-2021,0
567,18.0,300000.0,3.0,20.3,0.0,1.97,Chile,Female,Undergraduate,2023/12/01,0
568,24.9,300000.0,4.0,24.4,0.0,2.37,Chile,Female,Undergraduate,2023/08/16,0
569,18.0,300000.0,2.0,8.8,1.0,4.3,Chile,Female,Graduate,2021/03/07,0
570,31.5,300000.0,,29.4,1.0,3.52,Chile,,Secondary,2023/02/17,0
571,35.2,300000.0,3.0,43.8,1.0,3.54,Chile,Female,Graduate,14-01-2024,0
572,51.8,300000.0,2.0,,2.0,2.86,Chile,Female,Secondary,2022/12/26,1
573,38.3,300000.0,2.0,28.0,,3.92,Chile,Female,Secondary,2021/11/05,0
574,32.8,300000.0,3.0,,0.0,2.97,,Non-Binary,Technical,2023/03/21,0
575,43.3,300000.0,1.0,35.2,0.0,,Chile,Male,Undergraduate,2023/06/23,0
576,18.0,300000.0,6.0,22.9,0.0,2.66,Peru,Female,Technical,2021/04/29,0
577,37.4,300000.0,2.0,,1.0,3.54,Colombia,Male,Undergraduate,20-11-2021,0
578,42.7,300000.0,2.0,27.1,1.0,5.0,Argentina,Female,Undergraduate,2024/03/21,0
579,20.2,300000.0,2.0,,1.0,3.32,Spain,Male,Secondary,06-11-2022,0
580,46.4,300000.0,4.0,22.2,1.0,3.58,Chile,Male,Graduate,28-11-2022,0
581,38.4,300000.0,1.0,23.9,0.0,3.52,Colombia,Male,Primary,2021/01/25,0
582,30.8,300000.0,2.0,26.1,1.0,3.86,Spain,Female,Undergraduate,31-03-2024,0
583,41.3,300000.0,4.0,,1.0,4.12,USA,Male,Secondary,24-02-2023,0
584,57.7,300000.0,3.0,27.6,1.0,3.93,Chile,Female,Technical,02-01-2022,0
585,36.8,,3.0,23.3,1.0,3.95,Chile,,Secondary,2021/12/05,0
586,37.5,300000.0,3.0,28.1,2.0,3.54,Chile,,Secondary,19-06-2022,0
587,30.4,300000.0,,22.7,0.0,3.79,Argentina,Female,Secondary,2021/01/19,0
588,26.5,300000.0,3.0,,1.0,3.51,Colombia,Male,Secondary,11-01-2024,0
589,43.3,300000.0,3.0,20.0,0.0,2.07,Chile,Male,Secondary,07-08-2021,0
590,26.4,300000.0,1.0,25.6,0.0,5.0,Chile,Female,Secondary,10-10-2022,0
591,35.7,300000.0,2.0,12.0,1.0,4.36,Peru,,Technical,2021/10/17,0
592,30.2,300000.0,4.0,22.0,1.0,,Chile,Female,Undergraduate,26-02-2023,0
593,39.8,300000.0,,29.5,0.0,3.91,USA,Male,Technical,2023/11/27,0
594,38.3,300000.0,3.0,16.7,2.0,2.49,Colombia,Female,Undergraduate,2023/11/06,0
595,45.4,300000.0,2.0,22.4,1.0,3.26,Chile,Non-Binary,Technical,2022/11/15,0
596,29.9,300000.0,3.0,5.8,1.0,2.37,Peru,Male,Undergraduate,2022/12/13,0
597,32.3,300000.0,1.0,,0.0,3.65,Chile,Male,Undergraduate,09-03-2022,0
598,25.2,300000.0,2.0,16.1,0.0,2.28,Argentina,Male,Technical,2022/08/21,0
599,30.6,300000.0,2.0,25.8,0.0,4.05,Spain,Female,Undergraduate,2021/04/08,0
600,38.8,300000.0,3.0,27.7,1.0,4.31,USA,Female,Primary,2022/04/08,0
601,42.6,300000.0,5.0,24.6,2.0,2.96,Chile,Male,Undergraduate,2022/03/27,0
602,25.8,300000.0,3.0,21.9,0.0,,Chile,Male,Undergraduate,2021/03/27,0
603,43.7,300000.0,6.0,22.0,1.0,,Chile,Male,Secondary,2023/07/23,0
604,48.6,300000.0,2.0,30.7,0.0,4.16,Chile,Male,Undergraduate,20-04-2021,0
605,39.1,300000.0,5.0,26.7,1.0,3.08,Chile,Male,Primary,2022/09/22,0
606,53.8,300000.0,6.0,22.3,0.0,4.41,Chile,,Secondary,2023/09/24,0
607,27.3,300000.0,6.0,35.3,,2.07,Chile,Male,Primary,2021/08/29,0
608,22.6,300000.0,3.0,,1.0,2.8,Chile,Male,Undergraduate,13-10-2022,0
609,18.0,300000.0,4.0,15.0,,2.7,Chile,Female,Undergraduate,2023/03/08,0
610,50.0,300000.0,3.0,29.2,0.0,3.88,Spain,Female,Undergraduate,2022/01/29,0
611,41.5,300000.0,2.0,49.7,0.0,4.2,Colombia,Female,Primary,04-05-2023,0
612,34.4,300000.0,5.0,27.2,0.0,3.95,Chile,Male,Technical,2021/02/14,1
613,37.8,300000.0,,25.9,1.0,3.24,Chile,Male,Undergraduate,06-04-2024,1
614,23.7,300000.0,2.0,24.6,1.0,1.18,Chile,Female,Secondary,2024/02/22,1
615,59.5,300000.0,0.0,28.9,1.0,3.73,Chile,,Technical,05-09-2021,0
616,36.3,300000.0,0.0,31.0,1.0,4.41,Chile,Male,Secondary,23-11-2023,0
617,36.1,300000.0,5.0,15.0,2.0,5.0,Mexico,,Secondary,23-07-2022,0
618,42.3,300000.0,6.0,24.8,1.0,3.32,Argentina,Female,Technical,2023/03/24,0
619,39.8,300000.0,1.0,6.8,2.0,3.1,Peru,Male,Undergraduate,01-11-2021,0
620,37.2,300000.0,2.0,23.3,0.0,3.99,Chile,Female,Secondary,2023/03/23,0
621,27.1,300000.0,5.0,17.8,,3.47,USA,Female,Secondary,2021/06/10,0
622,39.7,300000.0,4.0,27.7,1.0,4.85,USA,Male,Secondary,2023/01/09,0
623,53.8,300000.0,3.0,11.7,0.0,2.97,Chile,,Secondary,20-04-2022,0
624,48.5,300000.0,2.0,20.9,1.0,3.48,Chile,Female,Secondary,2021/02/25,0
625,50.9,300000.0,0.0,32.7,0.0,4.49,Chile,Female,Secondary,2021/02/22,0
626,29.9,300000.0,4.0,19.6,0.0,3.98,Chile,Male,Undergraduate,26-02-2023,0
627,25.1,300000.0,5.0,9.8,,4.75,Peru,Male,Technical,30-03-2021,0
628,33.7,300000.0,2.0,27.1,1.0,3.31,Chile,Female,Undergraduate,11-12-2023,0
629,35.6,300000.0,,20.3,1.0,4.84,,Male,Undergraduate,2023/08/20,0
630,45.9,300000.0,7.0,23.5,2.0,2.2,Chile,Male,Secondary,07-10-2021,0
631,18.1,300000.0,5.0,19.2,1.0,,Chile,Male,Primary,05-02-2022,0
632,50.3,,3.0,40.8,1.0,4.85,,Male,Undergraduate,2023/03/08,0
633,33.4,,1.0,12.5,0.0,3.71,Argentina,Non-Binary,Primary,2022/08/25,0
634,30.7,300000.0,3.0,47.7,1.0,4.53,Peru,Male,Secondary,2021/03/06,0
635,24.9,300000.0,4.0,21.9,1.0,3.79,Chile,Non-Binary,Primary,2022/07/26,0
636,18.5,300000.0,1.0,26.5,1.0,3.69,Argentina,Male,Technical,08-01-2021,0
637,43.2,300000.0,,20.4,0.0,2.5,Chile,Female,Technical,2021/08/11,0
638,35.7,300000.0,3.0,20.1,0.0,3.68,Peru,Male,Graduate,12-02-2023,0
639,22.1,300000.0,4.0,18.7,,4.93,Chile,Female,Undergraduate,2022/11/09,0
640,22.0,300000.0,1.0,29.8,,3.75,Chile,Female,Secondary,2022/06/02,1
641,31.6,300000.0,2.0,13.7,1.0,4.31,Chile,Male,Secondary,11-07-2023,0
642,51.7,300000.0,3.0,,0.0,4.29,Chile,Female,Secondary,2021/04/12,0
643,32.4,300000.0,2.0,7.5,0.0,2.79,Spain,Male,Secondary,15-05-2022,0
644,20.0,300000.0,1.0,27.2,2.0,4.47,Chile,Female,Secondary,11-02-2023,0
645,32.5,300000.0,1.0,31.8,1.0,3.42,Chile,Non-Binary,Secondary,2023/10/26,0
646,32.3,300000.0,,14.8,0.0,3.47,,Female,Secondary,2021/06/06,1
647,18.0,300000.0,,30.4,0.0,5.0,USA,Female,Secondary,2023/11/20,0
648,34.5,300000.0,,25.4,2.0,4.24,Chile,Male,Secondary,2023/02/02,0
649,32.7,300000.0,1.0,82.77747328918808,0.0,,Colombia,Male,Graduate,2022/02/10,0
650,42.0,300000.0,1.0,18.2,0.0,3.76,USA,Male,Technical,21-02-2022,0
651,53.5,300000.0,7.0,47.5,0.0,3.73,Chile,Female,Graduate,18-05-2021,0
652,46.3,300000.0,3.0,5.9,1.0,5.0,Chile,Female,Secondary,12-05-2023,0
653,32.3,300000.0,2.0,22.4,,3.74,Chile,,Technical,04-06-2021,0
654,23.9,300000.0,4.0,11.4,,5.0,Mexico,Female,Secondary,2022/01/23,0
655,60.7,300000.0,4.0,39.8,1.0,2.53,Chile,Male,Secondary,14-02-2024,0
656,35.6,300000.0,0.0,22.9,1.0,3.67,Chile,,Secondary,13-07-2022,1
657,35.1,300000.0,3.0,23.6,4.0,3.01,Peru,Female,Graduate,26-02-2024,0
658,34.8,300000.0,3.0,28.5,0.0,3.25,Argentina,Male,Graduate,2021/10/29,0
659,37.0,300000.0,7.0,25.0,1.0,3.27,,Female,Primary,2024/02/25,0
660,33.6,300000.0,3.0,20.2,1.0,,Chile,Male,Secondary,08-04-2022,0
661,29.3,300000.0,2.0,,1.0,5.0,Chile,,Secondary,2021/06/25,0
662,29.5,300000.0,4.0,26.3,0.0,4.98,Chile,Male,Secondary,18-12-2022,0
663,34.7,300000.0,2.0,28.0,2.0,4.06,Chile,Male,Secondary,2024/03/19,0
664,29.6,300000.0,2.0,30.6,1.0,3.27,USA,Female,Secondary,13-02-2021,0
665,27.9,300000.0,3.0,40.3,0.0,,Chile,,Technical,26-08-2021,0
666,36.1,300000.0,0.0,7.6,0.0,4.37,USA,Male,Secondary,2021/09/18,0
667,32.5,300000.0,0.0,24.5,1.0,3.97,Peru,Male,Secondary,2021/12/02,0
668,50.0,300000.0,3.0,34.5,0.0,3.57,Chile,Female,Secondary,14-09-2023,0
669,18.0,300000.0,4.0,24.0,0.0,4.19,Colombia,Male,Secondary,2021/01/17,0
670,45.9,300000.0,6.0,6.3,1.0,4.5,Chile,Female,Graduate,2022/03/29,0
671,47.5,300000.0,4.0,14.7,,3.56,Spain,Female,Secondary,2023/07/18,0
672,18.0,300000.0,2.0,27.6,,2.99,USA,Male,Undergraduate,23-04-2023,1
673,31.6,300000.0,2.0,27.3,0.0,2.51,Chile,Male,Undergraduate,26-03-2021,0
674,31.3,300000.0,8.0,30.4,1.0,3.93,Chile,Female,Graduate,2021/07/19,0
675,20.9,300000.0,4.0,18.8,2.0,5.0,Chile,Male,Undergraduate,12-02-2022,0
676,27.2,300000.0,3.0,27.1,3.0,2.7,Chile,,Undergraduate,26-04-2021,0
677,23.9,300000.0,1.0,17.4,1.0,4.69,Chile,Male,Undergraduate,10-03-2023,0
678,52.5,300000.0,2.0,,1.0,3.09,,Female,Primary,2021/09/27,0
679,44.4,300000.0,1.0,25.4,1.0,,Peru,Male,Technical,02-12-2021,1
680,47.7,300000.0,3.0,18.4,0.0,4.52,Chile,Female,Graduate,2022/01/05,0
681,42.2,300000.0,4.0,37.5,2.0,,Mexico,Male,Undergraduate,23-09-2021,0
682,23.7,300000.0,0.0,,1.0,3.92,Mexico,Male,Graduate,02-04-2021,1
683,29.8,300000.0,2.0,23.9,,3.91,Chile,Female,Undergraduate,11-11-2021,0
684,39.9,300000.0,5.0,,0.0,3.09,USA,Male,Undergraduate,26-09-2021,0
685,22.8,300000.0,5.0,39.7,1.0,4.51,Chile,Male,Undergraduate,2023/03/15,0
686,42.1,300000.0,3.0,29.8,1.0,,Chile,Male,Undergraduate,2022/09/30,0
687,32.6,300000.0,1.0,19.8,1.0,2.45,Argentina,Male,Technical,18-11-2022,0
688,31.3,300000.0,3.0,22.8,0.0,2.9,Chile,Female,Graduate,22-05-2023,0
689,42.1,300000.0,2.0,39.9,1.0,1.0,Argentina,Female,Undergraduate,2021/11/27,0
690,39.4,300000.0,5.0,17.4,0.0,3.75,USA,Male,Undergraduate,2023/07/21,0
691,31.4,300000.0,1.0,10.9,0.0,,Spain,Female,Undergraduate,2023/01/04,0
692,46.6,300000.0,3.0,27.3,1.0,2.76,Peru,Female,Secondary,2023/09/12,1
693,24.2,300000.0,3.0,27.5,,4.23,Colombia,Female,Primary,12-08-2021,0
694,41.2,300000.0,4.0,30.3,2.0,4.09,Chile,Male,Graduate,2022/03/31,1
695,40.9,300000.0,2.0,30.4,1.0,3.02,Chile,Female,Technical,22-11-2021,0
696,31.9,300000.0,2.0,39.2,1.0,5.0,Colombia,Female,Secondary,28-09-2023,0
697,38.3,300000.0,,11.3,3.0,3.45,,Female,Secondary,2021/02/13,0
698,22.5,300000.0,,15.4,0.0,5.0,Chile,Male,Undergraduate,2023/01/08,0
699,44.2,300000.0,2.0,30.3,0.0,2.23,Chile,Male,Undergraduate,2023/10/15,0
700,33.2,300000.0,2.0,16.2,,3.46,Argentina,Female,Undergraduate,01-12-2023,0
701,29.8,300000.0,1.0,13.3,1.0,3.56,Chile,Male,Technical,15-02-2021,1
702,45.5,300000.0,5.0,39.9,1.0,3.66,Peru,Female,Secondary,04-08-2021,0
703,28.0,300000.0,7.0,12.0,2.0,4.34,Chile,Male,Secondary,2023/04/17,0
704,20.9,300000.0,2.0,22.2,1.0,5.0,,Female,Primary,13-05-2023,0
705,19.4,300000.0,2.0,24.5,1.0,4.11,Chile,Female,Undergraduate,2024/03/28,0
706,41.1,300000.0,2.0,,0.0,3.72,Chile,,Secondary,25-06-2023,1
707,22.2,300000.0,1.0,10.0,1.0,2.71,USA,Female,Technical,2022/08/31,0
708,52.5,300000.0,2.0,28.3,1.0,2.0,Chile,Female,Technical,2023/02/06,0
709,18.0,300000.0,2.0,17.9,0.0,4.75,Chile,Male,Technical,15-01-2024,0
710,52.0,300000.0,5.0,30.0,0.0,3.21,Chile,Female,Graduate,17-03-2022,0
711,37.1,300000.0,0.0,17.7,0.0,5.0,Chile,Male,Primary,2023/04/29,0
712,34.0,300000.0,3.0,37.6,0.0,4.48,Chile,Female,Undergraduate,2021/02/08,0
713,29.6,300000.0,2.0,17.8,0.0,4.01,Chile,Male,Primary,2024/01/23,0
714,39.0,300000.0,,5.3,0.0,4.05,Spain,Female,Primary,2022/02/04,0
715,34.6,300000.0,3.0,,,4.06,,Female,Secondary,06-07-2023,0
716,46.0,300000.0,5.0,22.9,1.0,3.07,Chile,Male,Primary,2021/07/18,0
717,36.1,300000.0,6.0,33.7,1.0,2.12,Chile,Male,Undergraduate,04-10-2021,0
718,36.5,300000.0,3.0,14.9,0.0,3.2,Chile,Non-Binary,Technical,2023/01/15,0
719,31.4,300000.0,5.0,15.1,,3.68,Chile,Male,Primary,25-03-2021,0
720,34.4,300000.0,2.0,32.7,1.0,3.12,Peru,Male,Primary,2023/01/12,0
721,38.1,300000.0,0.0,14.0,1.0,2.54,USA,Male,Technical,10-06-2023,0
722,18.0,300000.0,6.0,23.6,0.0,3.03,,Non-Binary,Undergraduate,12-04-2024,0
723,21.5,300000.0,5.0,23.7,1.0,4.63,Mexico,Non-Binary,Technical,18-10-2021,0
724,42.4,300000.0,3.0,26.7,1.0,4.37,,Female,Technical,2024/01/25,0
725,36.7,300000.0,6.0,19.0,1.0,3.85,Chile,Female,Undergraduate,2022/07/05,0
726,33.2,300000.0,,17.6,2.0,4.23,Chile,Male,Technical,2022/10/18,0
727,35.2,300000.0,,27.7,0.0,2.68,Chile,Non-Binary,Secondary,01-04-2024,0
728,38.5,300000.0,,17.8,0.0,2.98,USA,Male,Technical,2021/09/14,0
729,29.6,300000.0,2.0,14.1,1.0,3.98,Chile,Male,Technical,2021/04/12,0
730,27.2,300000.0,2.0,34.8,1.0,2.8,Chile,Male,Undergraduate,24-01-2021,1
731,37.0,300000.0,4.0,28.9,0.0,3.8,Spain,Female,Technical,04-05-2021,0
732,25.2,693524.3256476613,5.0,39.1,2.0,,USA,Female,Graduate,17-09-2023,1
733,39.1,300000.0,1.0,31.3,1.0,2.22,Colombia,Male,Secondary,06-12-2021,0
734,18.0,300000.0,4.0,14.9,0.0,4.36,USA,Non-Binary,Graduate,16-01-2024,0
735,45.3,300000.0,3.0,25.8,0.0,4.62,Chile,Male,Technical,2022/10/15,0
736,39.7,300000.0,2.0,16.9,,,Mexico,Male,Undergraduate,03-05-2021,0
737,37.6,300000.0,3.0,11.8,0.0,2.33,Peru,Male,Secondary,2023/08/28,1
738,44.8,300000.0,2.0,21.4,0.0,1.71,USA,Female,Secondary,2024/04/14,0
739,51.7,300000.0,3.0,32.9,3.0,5.0,Mexico,Female,Undergraduate,2023/05/04,0
740,45.1,,5.0,27.2,1.0,3.8,Chile,Male,Undergraduate,2021/11/19,0
741,18.0,300000.0,2.0,13.9,0.0,3.15,Colombia,Female,Primary,28-03-2023,0
742,22.2,300000.0,5.0,21.1,1.0,3.37,Chile,Male,Technical,2022/01/14,0
743,28.8,300000.0,1.0,23.9,0.0,1.98,Chile,Female,Secondary,06-02-2023,1
744,35.3,300000.0,,11.5,2.0,4.26,Chile,Non-Binary,Graduate,2023/06/03,0
745,40.2,300000.0,4.0,30.7,1.0,5.0,USA,Male,Undergraduate,2023/09/11,0
746,27.7,300000.0,6.0,23.2,2.0,3.0,Chile,Female,Primary,2021/06/12,0
747,36.9,300000.0,4.0,13.9,1.0,5.0,Chile,Female,Undergraduate,2022/09/13,0
748,27.4,300000.0,3.0,13.4,0.0,3.6,Chile,Male,Graduate,10-11-2023,0
749,28.9,300000.0,,33.8,,5.0,Spain,Female,Secondary,30-05-2022,0
750,20.9,,2.0,22.0,1.0,,Chile,Female,Undergraduate,2022/04/17,0
751,25.8,300000.0,2.0,34.5,0.0,,Colombia,,Technical,01-03-2023,0
752,21.5,300000.0,,37.6,0.0,5.0,USA,Male,Undergraduate,2023/03/22,0
753,25.2,,4.0,33.2,1.0,4.4,Chile,Male,Secondary,15-08-2021,0
754,45.5,300000.0,3.0,20.7,1.0,4.04,Chile,Female,Secondary,2021/01/22,0
755,25.5,300000.0,5.0,5.0,0.0,1.95,Colombia,,Secondary,04-05-2021,0
756,61.3,300000.0,2.0,27.5,1.0,2.34,USA,Female,Secondary,2021/12/04,0
757,39.9,300000.0,2.0,41.7,1.0,4.11,Colombia,Male,Undergraduate,2021/03/04,0
758,36.8,300000.0,3.0,24.7,0.0,5.0,Chile,Male,Secondary,08-03-2024,0
759,26.4,300000.0,3.0,9.1,0.0,3.82,USA,Male,Secondary,11-11-2021,0
760,42.0,,4.0,,1.0,3.17,Chile,Female,Undergraduate,17-08-2021,0
761,29.2,300000.0,1.0,23.5,2.0,2.04,Argentina,,Technical,15-03-2023,0
762,36.2,,0.0,16.2,1.0,2.99,Mexico,Female,Technical,02-04-2024,0
763,60.6,300000.0,,4.5,0.0,3.82,,Male,Graduate,07-06-2021,1
764,34.0,300000.0,4.0,24.2,0.0,2.93,Mexico,Female,Undergraduate,2021/04/29,0
765,46.5,300000.0,3.0,18.7,,2.83,Argentina,Female,Secondary,21-11-2022,0
766,28.0,300000.0,4.0,39.2,2.0,3.65,USA,Male,Technical,2024/03/14,0
767,34.7,558639.5295842477,1.0,25.8,1.0,5.0,Chile,,Graduate,2021/12/05,0
768,52.7,300000.0,5.0,28.8,0.0,4.32,Chile,Male,Secondary,19-06-2023,0
769,28.7,300000.0,3.0,24.0,1.0,3.96,Mexico,Male,Secondary,17-06-2021,0
770,53.1,300000.0,4.0,25.7,4.0,3.87,Chile,Male,Secondary,2021/10/12,0
771,42.1,300000.0,4.0,11.8,2.0,,Chile,Male,Secondary,23-06-2023,0
772,29.4,300000.0,4.0,16.7,1.0,3.6,Spain,Male,Undergraduate,2022/05/19,0
773,41.3,300000.0,1.0,,1.0,3.33,Chile,Male,Undergraduate,2022/10/24,0
774,44.7,300000.0,4.0,26.7,1.0,,Spain,Male,Graduate,03-12-2023,0
775,41.2,300000.0,3.0,21.8,1.0,3.5,Chile,Female,Undergraduate,2021/11/06,0
776,19.3,300000.0,2.0,28.9,,2.63,Chile,Non-Binary,Secondary,21-03-2022,0
777,27.7,300000.0,5.0,29.0,1.0,5.0,Colombia,Female,Primary,03-01-2023,1
778,32.5,300000.0,4.0,40.9,1.0,2.02,Peru,Male,Graduate,2023/11/29,0
779,34.3,300000.0,3.0,26.3,1.0,5.0,Argentina,Male,Secondary,2021/07/12,0
780,41.2,,4.0,16.5,0.0,4.16,Chile,Male,Secondary,2022/11/11,0
781,36.8,300000.0,4.0,24.1,0.0,2.83,Mexico,Male,Graduate,2023/10/05,1
782,21.6,,3.0,29.9,2.0,3.72,,,Technical,2021/10/13,0
783,38.8,300000.0,1.0,33.0,0.0,3.31,Chile,Female,Secondary,2022/11/21,0
784,41.1,300000.0,2.0,12.1,0.0,4.43,Chile,Female,Undergraduate,30-10-2023,0
785,40.6,300000.0,0.0,27.0,0.0,4.41,Argentina,Female,Graduate,2024/04/11,0
786,45.8,,4.0,17.8,,4.12,Chile,Male,Secondary,2023/10/15,0
787,43.3,300000.0,1.0,20.5,1.0,4.37,Chile,Male,Undergraduate,21-07-2023,1
788,39.6,300000.0,,31.8,1.0,3.6,Chile,Female,Secondary,2024/02/15,0
789,34.3,300000.0,1.0,31.0,1.0,5.0,Chile,Male,Technical,22-01-2022,0
790,18.4,300000.0,4.0,19.6,0.0,4.8,,Male,Graduate,2023/04/22,0
791,39.3,300000.0,1.0,23.7,,3.27,Peru,Male,Graduate,2023/10/03,0
792,37.1,300000.0,6.0,20.7,0.0,4.43,Chile,Male,Secondary,2021/10/19,0
793,37.7,300000.0,4.0,48.1,2.0,4.35,,Male,Secondary,04-03-2022,0
794,22.2,686761.5287047985,1.0,27.2,,,Peru,,Secondary,2021/04/30,0
795,24.2,300000.0,3.0,18.3,3.0,3.4,,Female,Technical,22-10-2023,1
796,45.5,,3.0,35.6,0.0,4.79,Argentina,Male,Primary,2021/08/23,0
797,34.6,300000.0,4.0,35.9,0.0,3.69,Chile,Male,Secondary,2022/06/19,0
798,41.8,300000.0,2.0,39.3,0.0,3.93,Mexico,Female,Primary,2022/05/18,0
799,35.3,300000.0,4.0,41.7,1.0,4.96,Spain,Male,Secondary,2021/02/07,0
800,35.3,300000.0,3.0,30.7,0.0,5.0,Chile,Male,Primary,2021/06/18,0
801,44.4,300000.0,3.0,22.2,0.0,3.23,Peru,Male,Undergraduate,13-12-2022,0
802,29.8,300000.0,2.0,23.4,0.0,,Chile,Male,Secondary,30-12-2022,1
803,36.0,300000.0,4.0,22.7,0.0,,Chile,Female,Secondary,2022/03/29,0
804,30.4,300000.0,3.0,21.8,2.0,3.79,USA,Female,Undergraduate,21-01-2023,0
805,30.7,300000.0,1.0,34.9,0.0,4.04,Chile,Male,Undergraduate,10-03-2022,0
806,31.9,300000.0,1.0,25.0,0.0,3.26,Chile,Male,Secondary,2022/05/26,0
807,37.2,300000.0,2.0,32.8,0.0,2.56,Chile,,Primary,29-12-2022,0
808,30.2,300000.0,,30.4,2.0,5.0,Colombia,Male,Undergraduate,22-11-2022,0
809,47.6,300000.0,1.0,16.2,1.0,4.25,Chile,Non-Binary,Secondary,2022/08/12,1
810,26.1,300000.0,6.0,11.3,,3.32,USA,,Undergraduate,01-12-2023,0
811,33.1,300000.0,2.0,15.1,3.0,4.09,Chile,Female,Technical,13-01-2023,0
812,30.6,300000.0,5.0,21.6,3.0,5.0,Chile,Female,Secondary,29-11-2022,0
813,49.5,300000.0,7.0,26.1,1.0,2.99,Colombia,Female,Technical,2023/02/04,1
814,37.0,300000.0,5.0,19.8,1.0,3.89,Chile,Female,Undergraduate,2023/01/31,0
815,45.3,300000.0,4.0,30.6,,2.45,Peru,Male,Graduate,2021/01/31,0
816,20.1,300000.0,3.0,20.8,1.0,3.59,Chile,Male,Primary,03-03-2021,1
817,37.7,300000.0,4.0,,2.0,4.25,Chile,Female,Technical,2023/11/23,0
818,43.9,300000.0,1.0,25.9,1.0,2.7,Chile,Male,Primary,2023/03/22,0
819,35.8,300000.0,,38.9,0.0,3.53,USA,Non-Binary,Technical,2021/11/30,1
820,45.7,300000.0,4.0,17.2,0.0,4.42,Argentina,Female,Undergraduate,2023/09/04,0
821,29.8,300000.0,1.0,42.7,0.0,4.23,Mexico,Female,Secondary,12-07-2021,0
822,49.1,300000.0,4.0,20.2,2.0,2.66,Chile,Male,Graduate,17-05-2022,1
823,58.0,300000.0,,14.3,0.0,4.04,Argentina,Female,Technical,09-11-2023,0
824,31.4,300000.0,3.0,23.3,0.0,4.2,Chile,Male,Graduate,17-03-2022,0
825,30.5,300000.0,1.0,50.9,1.0,3.8,USA,Non-Binary,Undergraduate,2021/08/03,0
826,49.5,300000.0,2.0,,0.0,4.68,Colombia,Male,Secondary,2021/05/20,0
827,50.8,300000.0,4.0,29.8,2.0,3.17,Colombia,Female,Secondary,2022/01/11,0
828,29.8,300000.0,3.0,31.4,1.0,4.07,Chile,Female,Secondary,08-02-2024,0
829,30.8,300000.0,,18.8,1.0,2.65,Chile,Male,Secondary,06-03-2022,0
830,32.2,300000.0,7.0,27.6,0.0,2.26,Chile,Male,Technical,06-11-2023,0
831,21.6,300000.0,2.0,25.0,1.0,4.4,USA,Non-Binary,Technical,08-09-2021,1
832,25.8,300000.0,5.0,39.5,,3.72,Chile,Male,Graduate,28-02-2023,0
833,25.0,300000.0,6.0,24.1,0.0,,Chile,Female,Technical,2022/09/23,0
834,27.3,300000.0,1.0,22.0,0.0,2.74,Chile,Male,Undergraduate,28-07-2022,0
835,34.7,300000.0,0.0,15.7,1.0,4.44,Chile,Female,Graduate,2022/06/18,0
836,37.3,300000.0,2.0,26.1,0.0,,Chile,Female,Undergraduate,13-02-2021,0
837,50.5,300000.0,,27.3,2.0,4.59,USA,Male,Secondary,2021/07/04,0
838,25.0,300000.0,5.0,,2.0,4.11,Argentina,Male,Technical,2022/10/08,0
839,44.8,300000.0,0.0,28.6,1.0,2.39,USA,Female,Secondary,09-05-2023,1
840,32.9,300000.0,0.0,26.9,0.0,3.81,Mexico,Male,Secondary,2021/03/20,0
841,34.5,300000.0,3.0,33.1,0.0,5.0,Chile,Male,Secondary,2021/12/25,0
842,41.7,300000.0,4.0,34.7,,4.77,Chile,Female,Undergraduate,2022/09/22,0
843,23.8,300000.0,,25.8,0.0,2.95,Chile,Male,Technical,2024/03/25,0
844,38.8,,4.0,16.7,1.0,4.35,USA,Male,Technical,22-04-2021,0
845,36.7,300000.0,3.0,18.4,0.0,2.43,Chile,Female,Graduate,2021/08/16,0
846,39.9,300000.0,5.0,39.1,,2.47,Chile,,Primary,2023/05/20,0
847,37.9,300000.0,6.0,26.3,1.0,3.64,Chile,Male,Technical,09-06-2022,0
848,59.6,300000.0,3.0,,1.0,4.2,Chile,Male,Undergraduate,02-11-2021,1
849,28.6,,4.0,29.0,,4.43,Chile,Female,Secondary,2023/05/18,0
850,29.7,300000.0,1.0,31.0,1.0,4.44,Chile,Female,Technical,18-02-2021,0
851,28.8,300000.0,3.0,32.5,0.0,4.15,Mexico,Female,Secondary,2023/02/17,0
852,29.4,300000.0,3.0,15.2,0.0,2.25,Mexico,Male,Undergraduate,2023/06/23,0
853,28.6,300000.0,2.0,27.5,0.0,3.65,Chile,Male,Secondary,2022/05/14,0
854,46.9,300000.0,4.0,15.1,0.0,4.57,Chile,Male,Secondary,14-12-2023,0
855,49.2,300000.0,3.0,22.7,0.0,4.1,USA,Male,Technical,02-04-2021,0
856,29.3,300000.0,5.0,30.1,,3.86,Chile,Female,Secondary,25-12-2023,0
857,26.7,300000.0,3.0,,0.0,4.0,USA,Male,Secondary,2023/09/25,0
858,39.7,300000.0,3.0,29.5,1.0,3.98,Chile,Male,Secondary,2022/12/19,0
859,29.5,300000.0,2.0,13.0,,1.93,Peru,Male,Secondary,2021/08/04,0
860,41.3,300000.0,0.0,34.1,1.0,4.74,,Female,Technical,2021/02/15,1
861,37.0,300000.0,4.0,19.7,0.0,3.6,Argentina,Female,Technical,22-07-2023,0
862,19.8,300000.0,3.0,16.8,0.0,4.34,USA,Female,Technical,08-02-2023,0
863,50.5,300000.0,2.0,13.5,2.0,1.62,Chile,,Undergraduate,2023/08/11,1
864,53.0,300000.0,4.0,20.4,2.0,5.0,Chile,Female,Secondary,28-02-2021,0
865,28.9,300000.0,6.0,9.7,1.0,2.66,Chile,Male,Secondary,16-01-2022,0
866,31.1,300000.0,4.0,20.6,0.0,5.0,Mexico,,Undergraduate,27-07-2023,0
867,37.9,300000.0,4.0,33.8,1.0,5.0,,Female,Undergraduate,12-06-2021,0
868,38.3,300000.0,2.0,23.5,1.0,2.51,Mexico,Female,Secondary,26-01-2024,1
869,41.6,300000.0,1.0,15.6,5.0,4.44,,Female,Secondary,2022/11/17,1
870,55.1,300000.0,1.0,26.8,0.0,2.78,Chile,Female,Technical,2021/12/24,0
871,33.2,300000.0,1.0,26.1,1.0,3.12,Colombia,Female,Technical,2021/03/17,1
872,27.0,,4.0,40.7,1.0,,Chile,Female,Undergraduate,2024/04/08,1
873,21.2,300000.0,3.0,31.3,0.0,4.1,Chile,Female,Primary,2023/12/19,0
874,27.7,300000.0,4.0,27.4,0.0,3.99,Chile,Female,Undergraduate,2022/10/23,0
875,34.7,300000.0,4.0,32.2,1.0,2.62,Chile,Male,Primary,11-03-2021,0
876,52.9,300000.0,2.0,,0.0,4.1,Argentina,Female,Technical,2022/05/31,0
877,29.8,300000.0,6.0,24.4,0.0,3.52,,Female,Undergraduate,26-10-2021,1
878,37.2,300000.0,3.0,38.3,0.0,2.06,Chile,Male,Technical,27-01-2024,0
879,34.8,300000.0,1.0,11.9,1.0,3.31,Chile,Female,Secondary,08-04-2023,1
880,46.9,300000.0,3.0,32.7,1.0,5.0,Chile,,Graduate,2021/06/06,0
881,60.3,300000.0,,24.1,1.0,3.34,Chile,Male,Undergraduate,07-06-2023,0
882,29.7,300000.0,2.0,22.7,2.0,2.05,Spain,Female,Undergraduate,21-02-2024,0
883,30.1,300000.0,,20.6,2.0,4.43,USA,,Secondary,12-12-2022,0
884,45.4,300000.0,,26.2,,2.87,Chile,,Secondary,2022/06/07,0
885,41.8,300000.0,3.0,24.7,2.0,3.89,Chile,Female,Graduate,2021/02/06,0
886,53.5,300000.0,3.0,21.7,,3.55,USA,Male,Technical,2024/03/19,0
887,40.8,633240.8014243057,6.0,19.4,,,Chile,Male,Undergraduate,29-11-2021,0
888,31.4,300000.0,,,0.0,3.55,Chile,Female,Secondary,14-08-2023,0
889,40.9,300000.0,3.0,19.2,1.0,2.67,Mexico,Male,Secondary,2021/01/23,0
890,46.1,300000.0,3.0,20.9,0.0,3.28,Chile,Male,Graduate,28-04-2021,0
891,43.2,300000.0,3.0,26.2,2.0,2.59,Chile,Female,Technical,2023/05/29,0
892,40.1,300000.0,,40.7,1.0,3.51,Spain,Male,Secondary,2022/12/21,0
893,45.7,300000.0,3.0,82.77747328918808,2.0,5.0,Peru,Male,Secondary,2021/04/24,0
894,46.7,300000.0,3.0,16.8,0.0,4.82,Chile,Female,Technical,2022/01/21,0
895,48.8,300000.0,3.0,19.3,3.0,5.0,Chile,Female,Primary,18-06-2021,0
896,41.5,300000.0,1.0,82.77747328918808,1.0,4.13,,Female,Technical,17-10-2021,0
897,33.3,300000.0,4.0,29.7,0.0,3.83,Colombia,Female,Secondary,2021/10/03,0
898,36.5,,1.0,30.8,1.0,2.8,Chile,Male,Undergraduate,06-05-2022,0
899,47.1,300000.0,4.0,31.6,0.0,3.94,Chile,Male,Secondary,05-11-2022,0
900,26.8,300000.0,2.0,32.8,2.0,3.58,USA,Male,Graduate,09-01-2024,0
901,38.7,300000.0,2.0,22.8,2.0,4.4,Chile,Female,Secondary,28-08-2022,1
902,31.1,300000.0,5.0,41.4,1.0,2.69,Chile,Female,Technical,17-03-2023,1
903,35.3,300000.0,4.0,22.2,0.0,3.75,Chile,Female,Secondary,16-03-2023,0
904,47.8,300000.0,1.0,25.9,0.0,2.28,Chile,Female,Undergraduate,2024/03/25,0
905,36.9,300000.0,1.0,35.4,1.0,4.0,Chile,Female,Graduate,2022/02/01,0
906,35.5,,5.0,29.5,2.0,4.31,USA,Male,Undergraduate,2022/02/27,1
907,21.4,300000.0,3.0,7.1,1.0,2.24,USA,Male,Technical,2022/03/09,0
908,42.5,300000.0,1.0,,0.0,2.49,Chile,Male,Technical,01-10-2023,0
909,41.5,300000.0,1.0,31.9,1.0,2.53,Chile,Male,Undergraduate,24-05-2023,1
910,56.6,300000.0,5.0,,0.0,3.54,Argentina,,Graduate,03-04-2021,0
911,31.9,300000.0,4.0,31.0,1.0,2.44,Chile,Male,Graduate,2022/03/06,0
912,37.2,300000.0,4.0,28.1,1.0,4.94,Chile,Female,Secondary,2021/05/05,0
913,37.5,300000.0,1.0,34.5,0.0,4.09,USA,Female,Graduate,24-08-2023,0
914,50.8,300000.0,0.0,19.5,0.0,4.24,Chile,Male,Secondary,08-06-2023,0
915,34.0,300000.0,,33.0,1.0,2.27,Chile,,Secondary,2023/09/26,0
916,37.8,,2.0,26.3,2.0,4.86,Chile,Male,Secondary,2022/02/26,0
917,41.1,300000.0,4.0,39.1,0.0,4.28,Chile,Male,Secondary,2022/08/29,0
918,36.9,300000.0,1.0,47.3,1.0,3.09,Chile,Female,Undergraduate,16-02-2021,0
919,30.5,300000.0,1.0,37.3,2.0,2.31,Chile,Male,Undergraduate,06-04-2024,0
920,36.9,300000.0,4.0,28.8,1.0,3.63,Chile,Female,Undergraduate,2022/12/11,0
921,45.7,300000.0,2.0,,0.0,3.28,Peru,Female,Technical,2022/06/28,0
922,24.7,300000.0,1.0,29.8,0.0,3.32,Chile,Female,Technical,2022/03/03,0
923,36.3,300000.0,1.0,17.7,1.0,,Chile,,Undergraduate,2022/11/02,0
924,28.0,300000.0,3.0,24.7,0.0,4.35,Argentina,Male,Secondary,2021/04/12,0
925,47.0,300000.0,4.0,31.1,1.0,1.36,USA,Male,Undergraduate,2023/09/07,0
926,19.8,300000.0,2.0,31.6,1.0,4.99,Chile,Male,Undergraduate,19-10-2022,0
927,29.4,300000.0,,16.0,,4.6,Chile,Male,Undergraduate,22-10-2021,0
928,38.8,300000.0,4.0,16.3,0.0,3.89,Chile,Female,Technical,2022/02/23,0
929,50.7,300000.0,3.0,22.3,0.0,3.57,Colombia,Female,Undergraduate,11-02-2022,0
930,34.3,300000.0,1.0,29.3,1.0,4.67,Chile,Male,Secondary,2022/06/19,0
931,29.4,300000.0,1.0,30.3,1.0,3.66,Chile,Male,Secondary,2023/11/15,0
932,53.8,300000.0,3.0,26.1,,3.45,Chile,Male,Undergraduate,2021/05/23,0
933,20.5,300000.0,2.0,18.3,,4.72,Chile,Female,Technical,05-02-2023,0
934,18.0,300000.0,3.0,38.9,1.0,,Chile,Female,Undergraduate,30-04-2023,0
935,39.4,300000.0,2.0,16.4,1.0,2.83,Chile,,Secondary,2022/12/18,0
936,30.0,300000.0,6.0,35.4,2.0,4.08,Mexico,Female,Secondary,2023/10/29,1
937,24.8,300000.0,7.0,30.9,0.0,2.72,Argentina,Male,Undergraduate,2022/01/23,0
938,42.1,300000.0,4.0,35.2,2.0,4.15,Chile,Male,Technical,31-05-2022,0
939,37.4,300000.0,,21.4,1.0,3.0,,Male,Technical,24-03-2023,1
940,29.4,,2.0,23.9,2.0,4.79,Chile,Male,Secondary,2022/04/28,0
941,22.2,300000.0,0.0,25.4,1.0,3.61,Chile,Female,Secondary,2023/08/19,0
942,43.7,300000.0,5.0,21.2,0.0,3.74,USA,Female,Undergraduate,2023/05/06,0
943,41.5,300000.0,2.0,26.8,0.0,5.0,Spain,Female,Secondary,23-06-2023,0
944,34.0,300000.0,4.0,37.6,1.0,3.04,Chile,Female,Undergraduate,08-02-2021,0
945,53.5,300000.0,4.0,14.6,0.0,,Chile,Male,Undergraduate,05-05-2021,0
946,24.3,300000.0,4.0,19.7,1.0,3.13,Chile,Male,Secondary,2021/07/17,1
947,19.7,300000.0,5.0,18.9,0.0,4.78,Peru,Female,Undergraduate,2021/03/22,1
948,28.1,300000.0,3.0,24.2,0.0,5.0,Peru,Female,Technical,22-09-2022,0
949,34.5,598251.2836597759,3.0,,,3.46,Mexico,,Secondary,08-02-2024,0
950,37.4,300000.0,5.0,31.2,1.0,1.73,Colombia,Female,Secondary,2023/05/28,1
951,32.6,300000.0,4.0,25.3,2.0,3.08,Chile,Female,Secondary,16-08-2022,0
952,38.5,300000.0,3.0,27.4,0.0,5.0,Argentina,Male,Undergraduate,2022/03/03,0
953,22.5,300000.0,4.0,28.2,0.0,3.17,Peru,Female,Technical,2022/04/25,0
954,49.4,300000.0,3.0,27.0,1.0,5.0,Chile,Male,Technical,01-05-2021,0
955,34.2,300000.0,3.0,30.6,0.0,3.15,Chile,Female,Undergraduate,03-12-2021,0
956,46.2,300000.0,4.0,24.0,1.0,3.13,Peru,Female,Undergraduate,2021/12/12,1
957,38.4,,3.0,38.2,0.0,4.4,,Non-Binary,Technical,02-09-2021,0
958,39.6,300000.0,1.0,45.3,2.0,,Peru,Male,Undergraduate,27-03-2021,0
959,40.7,,3.0,30.6,,4.47,Argentina,Male,Secondary,2022/04/16,0
960,39.5,300000.0,,26.8,1.0,3.7,Colombia,,Undergraduate,2022/09/04,0
961,41.4,300000.0,2.0,30.0,4.0,4.63,Peru,Male,Technical,2022/07/23,0
962,48.3,300000.0,4.0,16.2,,4.57,Chile,Female,Undergraduate,19-10-2021,0
963,37.0,300000.0,4.0,,1.0,4.73,Peru,Female,Technical,18-08-2021,1
964,42.1,,1.0,,1.0,3.14,Chile,Male,Secondary,23-08-2022,0
965,34.1,300000.0,7.0,29.1,4.0,4.63,Chile,Male,Technical,15-01-2022,0
966,49.4,300000.0,3.0,19.2,0.0,3.23,Chile,Male,Secondary,2023/07/07,0
967,28.2,300000.0,2.0,22.2,0.0,,Argentina,Male,Undergraduate,15-04-2023,0
968,53.0,300000.0,6.0,10.0,,3.54,,Male,Technical,2021/08/31,0
969,34.6,300000.0,0.0,15.6,2.0,2.8,Spain,Male,Undergraduate,09-11-2022,1
970,20.7,300000.0,6.0,,1.0,2.14,,Female,Undergraduate,15-04-2023,0
971,36.3,300000.0,3.0,18.0,0.0,4.8,Chile,Male,Undergraduate,2023/02/09,0
972,28.2,300000.0,3.0,33.5,0.0,3.07,Chile,Female,Secondary,22-01-2022,0
973,43.4,300000.0,5.0,17.4,0.0,3.46,Chile,Female,Graduate,12-03-2023,0
974,28.5,,5.0,,1.0,3.04,Colombia,Male,Undergraduate,13-09-2022,0
975,30.5,300000.0,2.0,18.9,0.0,3.47,Chile,,Undergraduate,24-07-2022,0
976,18.0,300000.0,4.0,82.77747328918808,0.0,3.24,Argentina,Female,Secondary,03-03-2022,0
977,30.5,300000.0,3.0,12.7,1.0,4.85,Peru,Female,Technical,28-02-2021,0
978,18.0,300000.0,6.0,21.4,1.0,3.17,Chile,Male,Secondary,2023/04/06,0
979,19.2,300000.0,1.0,18.2,1.0,5.0,,Male,Technical,2021/07/31,0
980,42.6,300000.0,3.0,32.1,1.0,4.73,,Female,Secondary,2023/10/05,0
981,42.9,300000.0,5.0,28.7,,3.27,Chile,Female,Technical,08-01-2023,0
982,39.3,,3.0,15.1,1.0,3.99,USA,,Technical,2021/09/21,0
983,25.3,300000.0,2.0,23.4,1.0,4.17,USA,Male,Secondary,11-07-2021,0
984,34.5,300000.0,0.0,18.8,0.0,4.46,Chile,Male,Technical,2021/06/01,0
985,35.0,300000.0,1.0,32.6,1.0,4.55,Chile,Male,Undergraduate,2023/11/11,0
986,23.4,300000.0,4.0,35.2,0.0,3.87,Chile,,Secondary,10-09-2021,0
987,50.0,300000.0,6.0,13.5,1.0,2.84,Chile,Male,Undergraduate,2021/07/13,0
988,43.8,300000.0,2.0,31.6,0.0,4.28,Spain,Male,Secondary,2023/05/23,0
989,32.8,300000.0,4.0,18.4,1.0,3.49,Argentina,Female,Primary,2021/02/16,0
990,35.3,300000.0,1.0,23.0,1.0,1.19,Chile,Male,Secondary,31-08-2022,0
991,37.1,300000.0,1.0,25.3,0.0,4.05,USA,Female,Undergraduate,2023/08/27,0
992,18.0,300000.0,9.0,39.5,2.0,3.04,Chile,Female,Secondary,2023/09/20,0
993,32.5,300000.0,2.0,17.0,0.0,3.29,Chile,Male,Undergraduate,16-01-2021,0
994,28.2,660755.4038185707,2.0,31.7,1.0,,USA,Female,Technical,2021/12/23,1
995,25.0,300000.0,3.0,15.6,0.0,2.3,Mexico,Female,Primary,01-04-2021,0
996,32.2,300000.0,4.0,15.1,,3.83,Mexico,Male,Undergraduate,24-06-2022,0
997,53.0,300000.0,2.0,82.77747328918808,1.0,3.41,Chile,Male,Secondary,2023/09/23,1
998,41.4,300000.0,1.0,25.2,1.0,2.91,Mexico,Female,Undergraduate,2021/12/31,0
999,29.3,300000.0,2.0,3.0,0.0,3.74,Chile,Female,Secondary,2022/01/20,0
1000,40.7,300000.0,1.0,34.3,2.0,,Argentina,Female,Secondary,2021/06/28,0
